TIMESTAMP,AZIMUTH,DISTANCE,SIGNAL_STRENGTH
1515627439546,152.375,72,64
-1,156.75,539,64
-1,160,1,56
-1,163.1875,1,32
-1,166.8125,4408,24
-1,170.0625,524,32
-1,173.6875,504,64
-1,176.875,493,64
-1,180.125,491,64
-1,183.375,492,48
-1,186.625,461,48
-1,190.25,236,80
-1,193.5,230,80
-1,197.0625,231,80
-1,200.3125,231,80
-1,203.5625,241,88
-1,206.8125,8572,24
-1,210.0625,1,24
-1,213.3125,599,56
-1,216.875,598,40
-1,220.5,644,40
-1,224.125,1,40
-1,227.375,537,40
-1,230.625,564,48
-1,233.8125,555,40
-1,237.4375,535,40
-1,240.6875,123,64
-1,244.3125,113,72
-1,247.875,113,80
-1,251.125,111,72
-1,254.75,1,32
-1,258,292,48
-1,261.5625,472,48
-1,265.1875,485,72
-1,268.4375,501,72
-1,271.6875,113,64
-1,275.3125,108,88
-1,278.5,111,80
-1,282.125,109,80
-1,285.375,105,80
-1,289,115,72
-1,292.25,1,32
-1,295.4375,1,56
-1,299.0625,540,40
-1,302.3125,572,64
-1,305.5625,272,32
-1,309.1875,322,48
-1,312.75,1,32
-1,316,356,64
-1,319.25,1,40
-1,322.5,1,48
-1,325.75,1,24
-1,329.3125,88,56
-1,332.5625,63,72
-1,336.1875,62,72
-1,339.4375,69,72
-1,343.0625,66,80
-1,346.25,61,72
-1,349.875,64,80
-1,353.5,62,80
-1,356.75,64,80
1515627439588,1.0625,59,80
-1,4.3125,61,80
-1,7.5625,61,80
-1,10.75,65,80
-1,14,62,80
-1,17.625,67,72
-1,20.875,64,80
-1,24.5,68,72
-1,27.6875,76,80
-1,30.9375,260,56
-1,34.1875,254,56
-1,37.8125,1,48
-1,41.0625,219,56
-1,44.625,257,80
-1,48.25,253,72
-1,51.5,252,48
-1,55.125,493,48
-1,58.375,426,56
-1,61.9375,410,80
-1,65.1875,396,72
-1,68.8125,388,72
-1,72.0625,385,72
-1,75.3125,380,80
-1,78.5,378,64
-1,82.125,370,64
-1,85.375,371,72
-1,88.625,1,32
-1,92.25,132,72
-1,95.4375,150,48
-1,98.6875,365,40
-1,101.9375,373,56
-1,105.5625,378,56
-1,108.8125,1,32
-1,112.0625,205,80
-1,115.625,194,32
-1,118.875,1,32
-1,122.125,100,64
-1,125.75,89,80
-1,129,82,80
-1,132.9375,83,80
-1,136.1875,89,88
-1,139.4375,92,96
-1,143.0625,105,88
-1,146.25,102,48
-1,149.875,1,40
-1,153.8125,79,80
-1,157.0625,1,40
-1,160.6875,1,56
-1,163.9375,1,24
-1,167.5625,1,48
-1,170.75,532,48
-1,174.375,491,64
-1,177.625,498,72
-1,180.875,494,48
-1,184.5,479,40
-1,187.6875,472,56
-1,190.9375,236,88
-1,194.1875,229,88
-1,197.8125,230,88
-1,201.4375,232,88
-1,204.625,241,64
-1,208.25,1,16
-1,211.5,1,40
-1,215.125,614,56
-1,218.375,1,40
-1,221.9375,665,40
-1,225.1875,1,48
-1,228.4375,550,64
-1,231.6875,1,16
-1,235.3125,549,64
-1,238.5,554,40
-1,242.125,116,72
-1,245.75,112,72
-1,249,112,72
-1,252.25,111,56
-1,255.4375,259,40
-1,258.6875,303,40
-1,262.3125,482,48
-1,265.9375,486,72
-1,269.1875,498,40
-1,272.375,106,72
-1,276,105,72
-1,279.25,101,80
-1,282.875,113,80
-1,286.4375,107,72
-1,290.0625,101,72
-1,293.3125,1,32
-1,296.5625,142,64
-1,300.125,558,40
-1,303.375,571,56
-1,306.625,322,40
-1,309.875,326,56
-1,313.125,1,40
-1,316.375,364,40
-1,319.625,1,32
-1,323.1875,753,48
-1,326.4375,1,32
-1,330.0625,61,48
-1,333.6875,68,72
-1,337.25,70,72
-1,340.5,67,80
-1,344.125,65,72
-1,347.375,64,80
-1,350.9375,63,80
-1,354.1875,62,80
-1,357.8125,65,80
1515627439687,1.75,64,80
-1,5.375,56,80
-1,8.625,64,72
-1,11.875,62,72
-1,15.125,60,72
-1,18.375,67,80
-1,21.9375,70,72
-1,25.1875,71,72
-1,28.8125,67,72
-1,32.0625,236,48
-1,35.625,240,40
-1,38.875,1,56
-1,42.125,235,80
-1,45.75,262,64
-1,49,249,72
-1,52.25,407,40
-1,55.8125,469,48
-1,59.0625,458,64
-1,62.6875,412,72
-1,65.9375,398,64
-1,69.5,388,80
-1,73.125,378,72
-1,76.375,374,72
-1,79.625,367,72
-1,82.875,361,64
-1,86.4375,365,80
-1,90.4375,145,40
-1,93.6875,130,80
-1,97.25,188,24
-1,100.5,364,48
-1,104.125,380,40
-1,107.375,1,24
-1,110.25,1,32
-1,113.8125,180,88
-1,117.0625,1,24
-1,120.6875,1,24
-1,123.9375,97,88
-1,127.5625,80,80
-1,130.75,81,80
-1,134.75,86,80
-1,138,92,88
-1,141.25,101,88
-1,144.5,104,88
-1,147.6875,607,72
-1,151.6875,1,48
-1,155.3125,55,48
-1,158.5,1,24
-1,161.75,56,40
-1,165.375,1,24
-1,168.625,55,56
-1,172.25,528,48
-1,175.4375,470,56
-1,178.6875,483,56
-1,181.9375,482,40
-1,185.1875,467,48
-1,188.4375,328,72
-1,192.0625,235,80
-1,195.3125,230,88
-1,198.875,235,88
-1,202.5,238,80
-1,205.75,1,24
-1,209.3125,1,16
-1,212.5625,575,40
-1,216.1875,622,56
-1,219.4375,1,32
-1,223.0625,642,40
-1,226.25,552,40
-1,229.5,544,56
-1,232.75,1,48
-1,236.375,546,40
-1,239.625,116,40
-1,243.1875,113,72
-1,246.4375,112,80
-1,250.0625,118,72
-1,253.3125,710,32
-1,256.5625,257,40
-1,259.8125,414,48
-1,263.375,477,64
-1,267,497,72
-1,270.625,280,48
-1,273.8125,115,80
-1,277.4375,109,80
-1,280.6875,112,80
-1,284.3125,110,72
-1,287.875,113,72
-1,291.125,1,32
-1,294.375,1,64
-1,297.625,1,56
-1,301.25,557,40
-1,304.5,544,32
-1,307.6875,299,32
-1,310.9375,1,40
-1,314.5625,1,24
-1,317.8125,1,24
-1,321.4375,1,48
-1,324.625,1,48
-1,328.25,1,24
-1,331.875,70,80
-1,335.125,69,80
-1,338.375,65,72
-1,341.9375,63,80
-1,345.1875,63,80
-1,348.8125,62,80
-1,352.0625,62,80
-1,355.625,63,80
-1,358.875,61,80
1515627439788,3.1875,65,80
-1,6.4375,62,80
-1,10.0625,62,80
-1,13.3125,63,72
-1,16.875,68,72
-1,20.125,66,72
-1,23.75,67,80
-1,27,68,80
-1,30.25,154,56
-1,33.5,268,56
-1,37.0625,249,32
-1,40.3125,208,40
-1,44.3125,252,80
-1,47.875,254,80
-1,51.125,245,64
-1,54.75,492,56
-1,58,418,56
-1,61.5625,416,64
-1,64.8125,394,72
-1,68.4375,392,72
-1,71.6875,386,72
-1,74.9375,381,80
-1,78.5,373,72
-1,81.75,363,72
-1,85.375,365,80
-1,89,309,40
-1,92.25,139,72
-1,95.4375,146,56
-1,99.0625,371,56
-1,102.3125,369,40
-1,105.5625,376,56
-1,108.8125,410,48
-1,112.0625,1,24
-1,115.3125,196,56
-1,118.875,1,24
-1,122.125,98,48
-1,125.375,90,80
-1,128.625,81,80
-1,132.5625,84,80
-1,135.8125,87,88
-1,139.0625,94,88
-1,142.6875,103,88
-1,145.9375,113,48
-1,149.875,581,48
-1,153.5,85,80
-1,156.75,1,32
-1,160.3125,491,32
-1,163.5625,1,24
-1,166.8125,1,24
-1,170.0625,521,40
-1,173.6875,494,64
-1,176.875,490,64
-1,180.5,493,56
-1,183.75,487,40
-1,187,419,64
-1,190.625,239,88
-1,193.8125,230,80
-1,197.4375,233,88
-1,200.6875,234,80
-1,203.9375,238,80
-1,207.5625,1,24
-1,210.75,587,48
-1,214.375,611,64
-1,217.625,1,48
-1,221.5625,641,48
-1,225.1875,1,56
-1,228.4375,533,56
-1,232.0625,709,32
-1,235.3125,538,40
-1,238.875,529,40
-1,242.125,117,64
-1,245.75,114,80
-1,249,110,72
-1,252.25,108,56
-1,255.8125,240,32
-1,259.0625,324,72
-1,262.6875,490,56
-1,265.9375,487,72
-1,269.5,483,64
-1,272.75,109,72
-1,276.375,112,80
-1,279.625,109,80
-1,283.1875,111,72
-1,286.4375,113,72
-1,289.6875,108,64
-1,293.3125,129,40
-1,296.5625,1,48
-1,299.8125,554,40
-1,303.375,572,32
-1,306.625,308,32
-1,310.25,1,48
-1,313.8125,7996,24
-1,317.0625,1,24
-1,320.3125,1,40
-1,323.5625,745,32
-1,327.1875,1,40
-1,330.75,72,64
-1,334,68,72
-1,337.25,65,72
-1,340.875,66,72
-1,344.125,70,80
-1,347.375,61,72
-1,350.9375,60,80
-1,354.1875,61,80
-1,357.4375,62,80
1515627439890,1.75,64,80
-1,5,62,80
-1,8.25,65,80
-1,11.5,65,80
-1,15.125,63,72
-1,18.375,72,72
-1,21.9375,64,72
-1,25.1875,67,72
-1,28.4375,70,64
-1,32.0625,250,48
-1,35.3125,251,48
-1,38.875,229,72
-1,42.125,236,72
-1,45.75,266,64
-1,49,259,80
-1,52.5625,480,48
-1,55.8125,471,48
-1,59.0625,443,56
-1,62.6875,406,80
-1,66.25,396,72
-1,69.5,392,72
-1,72.75,379,72
-1,76.375,375,72
-1,79.625,373,72
-1,83.1875,374,72
-1,86.4375,369,80
-1,90.0625,159,40
-1,93.3125,141,72
-1,96.5625,163,32
-1,100.125,392,56
-1,103.375,397,40
-1,107,352,40
-1,110.25,1,32
-1,113.8125,186,88
-1,117.0625,4633,16
-1,120.3125,1,32
-1,123.9375,101,88
-1,127.1875,83,80
-1,130.4375,84,88
-1,134,83,80
-1,137.25,94,88
-1,140.5,99,88
-1,144.5,106,48
-1,147.6875,603,48
-1,150.9375,80,72
-1,154.9375,72,64
-1,158.1875,444,24
-1,161.4375,49,40
-1,164.625,1,24
-1,167.875,63,56
-1,171.125,526,72
-1,174.375,479,56
-1,177.25,489,72
-1,180.875,484,64
-1,184.125,469,40
-1,187.375,372,80
-1,190.625,236,80
-1,193.8125,229,88
-1,197.4375,226,88
-1,201.0625,230,80
-1,204.3125,238,72
-1,207.5625,1,16
-1,211.125,1,48
-1,214.375,618,56
-1,218,621,48
-1,221.25,634,48
-1,224.8125,600,48
-1,228.0625,532,56
-1,231.6875,1,16
-1,234.9375,540,72
-1,238.5,533,48
-1,241.75,109,64
-1,245.375,117,80
-1,248.625,112,80
-1,252.25,102,64
-1,255.4375,244,48
-1,259.0625,299,32
-1,262.3125,486,56
-1,266.25,490,64
-1,269.5,486,56
-1,272.75,114,72
-1,276,103,80
-1,279.625,109,80
-1,282.875,108,80
-1,286.4375,111,72
-1,290.0625,108,64
-1,293.6875,1,40
-1,296.875,109,32
-1,300.5,551,48
-1,303.75,549,64
-1,307.375,319,40
-1,310.25,1,24
-1,313.8125,1,16
-1,317.0625,1,48
-1,320.3125,1386,40
-1,323.5625,1,32
-1,327.1875,1,40
-1,330.75,65,72
-1,334,68,72
-1,337.25,70,72
-1,340.5,65,80
-1,343.75,64,72
-1,347,63,80
-1,350.625,58,80
-1,353.8125,64,80
-1,357.4375,57,80
1515627439991,1.4375,63,80
-1,5,59,72
-1,8.25,61,80
-1,11.875,58,80
-1,15.125,61,80
-1,18.6875,67,72
-1,22.3125,69,72
-1,25.9375,63,72
-1,29.1875,72,64
-1,32.375,233,48
-1,36,245,40
-1,39.25,240,72
-1,42.875,234,80
-1,46.4375,255,64
-1,49.6875,252,72
-1,53.3125,498,48
-1,56.5625,426,48
-1,59.8125,457,56
-1,63.0625,408,72
-1,66.625,394,72
-1,69.875,384,72
-1,73.125,385,64
-1,76.75,375,72
-1,80,372,72
-1,83.5625,366,72
-1,86.8125,367,80
-1,90.4375,152,48
-1,93.6875,134,64
-1,96.875,239,56
-1,100.5,372,56
-1,103.75,379,40
-1,107.375,410,40
-1,110.25,1,40
-1,113.8125,186,88
-1,117.0625,1,32
-1,120.3125,456,32
-1,123.5625,103,88
-1,127.1875,78,80
-1,130.4375,80,80
-1,134.375,84,80
-1,137.625,92,88
-1,141.9375,98,88
-1,145.1875,108,88
-1,148.4375,603,48
-1,152.0625,68,64
-1,155.625,80,80
-1,158.875,1,24
-1,162.125,33,32
-1,165.375,1,24
-1,168.625,47,64
-1,171.875,521,40
-1,175.125,472,56
-1,178.375,481,64
-1,181.9375,493,56
-1,185.1875,376,64
-1,188.8125,340,56
-1,192.0625,234,80
-1,195.625,229,88
-1,198.5,230,88
-1,202.125,233,88
-1,205.375,1,40
-1,209,1,8
-1,212.25,588,40
-1,215.8125,618,64
-1,219.0625,1,24
-1,223.0625,670,40
-1,226.625,558,48
-1,229.875,526,40
-1,233.5,540,40
-1,236.75,528,48
-1,240.3125,104,48
-1,243.9375,117,72
-1,247.1875,110,64
-1,250.4375,109,72
-1,253.6875,717,56
-1,257.25,288,40
-1,260.5,449,72
-1,264.125,480,80
-1,267.375,499,72
-1,270.9375,137,64
-1,274.1875,107,72
-1,277.8125,106,80
-1,281.4375,108,88
-1,284.625,110,72
-1,288.25,109,72
-1,291.5,530,32
-1,294.75,1,48
-1,298,531,56
-1,301.5625,572,40
-1,304.8125,1,24
-1,308.4375,1,32
-1,311.6875,635,48
-1,315.3125,1,40
-1,318.5,1,32
-1,322.125,724,48
-1,325.375,724,32
-1,329,1,16
-1,332.5625,64,72
-1,335.8125,67,72
-1,339.4375,68,72
-1,342.6875,67,80
-1,345.9375,62,72
-1,349.5,60,80
-1,352.75,62,72
-1,356.375,66,80
-1,359.625,63,72
1515627440092,3.9375,60,80
-1,7.1875,60,80
-1,10.75,60,80
-1,14,69,72
-1,17.625,66,72
-1,20.875,66,72
-1,24.5,69,72
-1,28.0625,65,72
-1,31.3125,228,32
-1,34.9375,254,56
-1,38.1875,225,64
-1,41.75,235,64
-1,45,259,72
-1,48.625,259,80
-1,51.875,262,40
-1,55.4375,501,48
-1,58.6875,446,48
-1,62.3125,408,72
-1,65.5625,396,80
-1,69.1875,392,72
-1,72.375,382,64
-1,76,371,80
-1,79.25,379,72
-1,82.875,369,72
-1,86.125,371,80
-1,89.6875,178,56
-1,92.9375,133,72
-1,96.1875,164,72
-1,99.4375,381,48
-1,103.0625,373,48
-1,106.25,1,32
-1,109.875,1,40
-1,113.5,173,72
-1,116.75,1,24
-1,120.3125,1,24
-1,123.5625,103,88
-1,127.1875,81,80
-1,130.4375,79,80
-1,134,84,80
-1,137.25,91,88
-1,141.25,99,88
-1,144.5,106,88
-1,148.0625,593,72
-1,151.3125,87,64
-1,155.3125,87,80
-1,158.5,1,16
-1,162.125,51,48
-1,165.375,1,24
-1,169,54,56
-1,172.25,533,32
-1,175.4375,471,48
-1,178.6875,477,56
-1,181.9375,426,48
-1,185.5625,382,72
-1,188.8125,310,56
-1,192.0625,230,80
-1,195.625,230,88
-1,199.25,233,80
-1,202.5,236,80
-1,205.75,1,24
-1,209.3125,1,8
-1,212.5625,583,40
-1,216.1875,612,64
-1,219.4375,1,32
-1,223.0625,643,40
-1,226.625,556,48
-1,229.875,554,48
-1,233.125,1,40
-1,236.75,535,40
-1,240,106,56
-1,243.5625,115,72
-1,246.8125,111,72
-1,250.4375,114,72
-1,253.6875,730,56
-1,257.25,263,48
-1,260.5,467,64
-1,264.5,484,64
-1,268.0625,494,64
-1,271.3125,132,48
-1,274.9375,104,72
-1,278.1875,109,80
-1,281.75,116,80
-1,285,108,72
-1,288.625,112,72
-1,291.875,543,64
-1,295.125,106,72
-1,298.6875,562,64
-1,301.9375,554,56
-1,305.5625,329,48
-1,308.8125,1,48
-1,312.0625,1,40
-1,315.3125,1,48
-1,318.5,1,24
-1,322.125,1,40
-1,325.375,1,40
-1,329,1,40
-1,332.25,69,72
-1,335.4375,71,72
-1,338.6875,72,72
-1,341.9375,68,80
-1,345.5625,61,80
-1,348.8125,68,80
-1,352.375,60,80
-1,355.625,63,80
-1,358.875,61,80
1515627440194,2.875,58,80
-1,6.125,59,80
-1,9.3125,65,72
-1,12.9375,63,80
-1,16.1875,68,80
-1,19.8125,69,72
-1,23.375,63,72
-1,27,70,72
-1,30.25,115,32
-1,33.8125,250,56
-1,37.0625,240,56
-1,40.6875,229,40
-1,43.9375,250,80
-1,47.5625,263,72
-1,50.75,249,72
-1,54.375,508,48
-1,57.625,413,56
-1,60.875,429,56
-1,64.125,399,72
-1,67.6875,400,72
-1,70.9375,387,72
-1,74.5625,371,72
-1,77.8125,372,72
-1,81.4375,369,72
-1,84.625,377,72
-1,88.25,349,40
-1,91.875,127,64
-1,95.125,162,56
-1,98.375,375,56
-1,101.5625,364,48
-1,105.1875,389,64
-1,108.4375,1,16
-1,111.6875,1,32
-1,114.9375,201,48
-1,118.1875,1,24
-1,121.4375,1,16
-1,124.625,90,88
-1,128.25,83,80
-1,131.5,83,80
-1,135.4375,86,88
-1,139.4375,94,88
-1,142.6875,102,88
-1,145.9375,116,56
-1,149.1875,1,16
-1,152.375,93,80
-1,156,527,48
-1,159.25,1,40
-1,162.5,1,24
-1,166.125,1,24
-1,169.3125,57,48
-1,172.9375,519,72
-1,176.1875,471,72
-1,179.8125,485,56
-1,183.0625,368,56
-1,186.25,381,72
-1,189.5,241,72
-1,192.75,233,88
-1,196.375,231,88
-1,200,235,80
-1,203.1875,232,88
-1,206.4375,1,24
-1,209.6875,1,24
-1,212.9375,587,40
-1,216.1875,616,72
-1,219.8125,6172,24
-1,223.0625,652,64
-1,226.625,554,48
-1,229.875,543,48
-1,233.125,585,40
-1,236.75,524,40
-1,240,120,48
-1,243.5625,117,72
-1,246.8125,116,80
-1,250.0625,116,80
-1,253.6875,1,32
-1,256.875,279,48
-1,260.5,422,64
-1,263.75,480,64
-1,267.375,504,72
-1,270.9375,153,56
-1,274.1875,110,80
-1,277.4375,111,72
-1,281.0625,106,72
-1,284.625,106,80
-1,288.25,117,72
-1,291.875,543,72
-1,295.125,531,48
-1,298.375,1,56
-1,301.9375,538,32
-1,305.1875,1,32
-1,308.4375,1,32
-1,311.6875,1,40
-1,314.9375,1,56
-1,318.1875,1,24
-1,321.4375,1,32
-1,325,767,64
-1,328.25,1,16
-1,331.875,68,72
-1,335.4375,68,72
-1,338.6875,62,72
-1,341.9375,68,80
-1,345.5625,63,72
-1,348.8125,62,80
-1,352.0625,59,80
-1,355.625,66,80
-1,358.875,64,80
1515627440296,3.1875,65,80
-1,6.8125,64,80
-1,10.0625,64,80
-1,13.3125,65,80
-1,16.5625,63,80
-1,20.125,62,72
-1,23.75,65,72
-1,27,72,72
-1,30.25,199,40
-1,33.5,252,64
-1,37.0625,230,32
-1,40.3125,213,40
-1,43.9375,247,80
-1,47.5625,263,80
-1,50.75,245,72
-1,54.375,505,56
-1,57.625,412,48
-1,61.25,418,72
-1,64.5,401,72
-1,68.0625,392,72
-1,71.3125,378,72
-1,74.5625,375,72
-1,77.8125,374,72
-1,81.0625,370,64
-1,84.625,365,80
-1,88.25,351,40
-1,91.875,127,64
-1,95.125,134,56
-1,98.375,370,48
-1,101.5625,390,64
-1,104.8125,369,32
-1,108.4375,1,32
-1,111.6875,1,24
-1,114.9375,192,56
-1,118.1875,1,32
-1,121.75,1,16
-1,125,92,88
-1,128.625,84,80
-1,132.25,82,88
-1,136.1875,87,88
-1,139.4375,93,88
-1,142.6875,102,88
-1,145.9375,99,48
-1,149.5,594,40
-1,152.75,87,80
-1,156.375,518,48
-1,159.625,483,48
-1,162.875,1,32
-1,166.4375,1,16
-1,169.6875,37,32
-1,172.9375,496,64
-1,176.5625,466,56
-1,179.8125,440,56
-1,183.0625,371,72
-1,186.625,427,56
-1,189.875,236,72
-1,193.5,230,80
-1,196.75,231,80
-1,200.3125,229,80
-1,203.5625,239,80
-1,207.1875,1,24
-1,210.4375,548,48
-1,213.6875,603,48
-1,216.875,579,40
-1,220.875,627,72
-1,224.5,1,32
-1,227.6875,547,48
-1,231.3125,1,40
-1,234.5625,530,40
-1,237.8125,542,40
-1,241.0625,117,72
-1,244.625,113,72
-1,247.875,110,80
-1,251.5,105,72
-1,254.75,1,32
-1,258.375,292,40
-1,261.5625,479,56
-1,265.1875,487,64
-1,268.8125,501,56
-1,272.0625,109,56
-1,275.625,110,80
-1,278.875,113,80
-1,282.5,113,80
-1,285.75,112,80
-1,289.3125,107,64
-1,292.9375,1,64
-1,296.1875,1,40
-1,299.4375,556,48
-1,302.6875,561,56
-1,305.9375,337,40
-1,309.1875,337,48
-1,312.375,1,32
-1,316,1,48
-1,319.625,1,40
-1,322.875,1,56
-1,326.125,1,32
-1,330.0625,70,56
-1,333.6875,69,80
-1,336.875,64,72
-1,340.5,65,72
-1,343.75,66,72
-1,347.375,59,80
-1,350.625,68,80
-1,354.1875,64,80
-1,357.4375,64,80
1515627440396,1.4375,61,80
-1,4.625,67,72
-1,7.875,63,80
-1,11.125,68,80
-1,14.375,62,80
-1,18,67,72
-1,21.25,68,72
-1,25.1875,65,72
-1,28.4375,71,72
-1,32.0625,229,48
-1,35.3125,241,48
-1,38.875,240,32
-1,42.125,233,72
-1,45.75,262,64
-1,49,253,80
-1,52.25,1,40
-1,55.4375,492,48
-1,59.0625,441,64
-1,62.6875,404,72
-1,65.9375,399,72
-1,69.5,396,72
-1,72.75,379,64
-1,76.375,380,72
-1,79.625,373,80
-1,83.1875,369,72
-1,86.4375,361,80
-1,90.0625,149,40
-1,93.3125,128,64
-1,96.875,163,32
-1,100.125,370,48
-1,103.75,387,64
-1,107,1,40
-1,110.25,1,24
-1,113.8125,182,80
-1,117.0625,1,24
-1,120.6875,1,16
-1,123.9375,96,88
-1,127.5625,83,80
-1,131.5,82,80
-1,135.125,89,80
-1,138.6875,93,88
-1,141.9375,104,88
-1,145.1875,114,80
-1,148.8125,599,64
-1,152.0625,91,72
-1,155.625,59,56
-1,158.875,1,24
-1,162.5,1,48
-1,165.75,1,16
-1,169.3125,45,56
-1,172.5625,502,64
-1,176.1875,470,56
-1,179.8125,392,72
-1,183.0625,376,72
-1,186.625,478,48
-1,189.875,239,88
-1,193.5,231,88
-1,196.75,229,88
-1,200.3125,233,88
-1,203.5625,239,80
-1,207.1875,1,32
-1,210.4375,567,40
-1,213.6875,592,48
-1,217.25,585,32
-1,220.5,649,64
-1,224.125,1,40
-1,227.375,548,48
-1,230.9375,1,40
-1,234.1875,548,56
-1,237.8125,535,48
-1,241.0625,112,64
-1,244.625,114,80
-1,247.875,109,72
-1,251.125,120,72
-1,254.375,707,48
-1,257.625,281,40
-1,260.875,459,40
-1,264.125,488,72
-1,267.6875,503,72
-1,270.9375,129,40
-1,274.1875,110,72
-1,277.4375,111,80
-1,281.0625,110,80
-1,284.3125,111,72
-1,287.875,113,80
-1,291.125,1,32
-1,294.375,1,32
-1,298,1,48
-1,301.25,561,32
-1,304.8125,1,16
-1,308.0625,1,40
-1,311.6875,1,24
-1,314.9375,1,32
-1,318.1875,306,32
-1,321.4375,1,48
-1,324.625,1,48
-1,328.25,1,24
-1,331.875,69,72
-1,335.125,62,72
-1,338.375,68,72
-1,341.5625,64,80
-1,344.8125,65,72
-1,348.0625,61,72
-1,351.3125,64,80
-1,354.9375,60,80
-1,358.1875,60,80
1515627440498,2.125,66,80
-1,5.75,59,80
-1,9,58,80
-1,12.5625,67,72
-1,15.8125,67,72
-1,19.4375,70,72
-1,23.0625,61,72
-1,26.25,70,72
-1,29.5,92,40
-1,32.75,243,64
-1,36.375,256,40
-1,40,209,32
-1,43.1875,246,80
-1,47.1875,263,56
-1,50.4375,248,72
-1,54,506,56
-1,57.25,408,56
-1,60.5,430,64
-1,63.75,404,80
-1,67.375,395,72
-1,70.625,386,72
-1,74.1875,381,72
-1,77.4375,376,72
-1,81.0625,384,72
-1,84.3125,374,72
-1,87.875,353,56
-1,91.125,133,64
-1,94.75,136,64
-1,98,357,72
-1,101.5625,377,48
-1,104.8125,373,40
-1,108.0625,1,40
-1,111.3125,1,16
-1,114.5625,188,64
-1,118.1875,1,32
-1,121.4375,6387,24
-1,124.625,94,88
-1,128.625,80,88
-1,132.25,82,88
-1,135.4375,89,80
-1,139.0625,93,88
-1,142.3125,103,88
-1,145.9375,112,72
-1,149.1875,1,24
-1,152.75,83,80
-1,156.375,1,40
-1,159.625,483,64
-1,162.875,142,16
-1,166.125,1,24
-1,169.3125,49,48
-1,172.5625,507,64
-1,175.8125,462,56
-1,179.0625,381,80
-1,182.6875,381,64
-1,185.9375,472,48
-1,189.1875,251,48
-1,192.375,231,80
-1,195.625,225,88
-1,198.5,232,80
-1,202.125,235,88
-1,205.375,1,40
-1,209,1,24
-1,212.25,590,40
-1,215.4375,622,64
-1,218.6875,1,32
-1,222.6875,644,40
-1,225.9375,562,32
-1,229.1875,536,56
-1,232.75,1,16
-1,236,525,48
-1,239.625,128,56
-1,242.875,111,72
-1,246.4375,112,64
-1,250.0625,110,80
-1,253.3125,716,32
-1,256.5625,250,48
-1,260.125,1,40
-1,263.375,483,64
-1,267,498,80
-1,270.25,354,48
-1,273.8125,111,80
-1,277.0625,103,80
-1,280.6875,105,80
-1,283.9375,108,72
-1,287.1875,111,72
-1,290.75,1,32
-1,294.375,1,32
-1,297.625,1,40
-1,300.875,563,40
-1,304.5,1,32
-1,307.6875,1,48
-1,311.3125,1,32
-1,314.5625,1,16
-1,318.1875,1,24
-1,321.75,694,40
-1,325,760,64
-1,328.25,1,16
-1,331.5,69,80
-1,335.125,65,72
-1,338.6875,63,72
-1,341.9375,60,80
-1,345.1875,64,72
-1,348.8125,62,72
-1,352.0625,63,80
-1,355.625,63,72
-1,358.875,61,80
1515627440599,3.1875,64,80
-1,6.4375,60,80
-1,10.0625,60,80
-1,13.3125,67,72
-1,16.875,68,72
-1,20.125,70,72
-1,23.375,68,80
-1,27,72,80
-1,30.25,143,64
-1,33.8125,254,64
-1,37.0625,206,64
-1,40.6875,219,48
-1,43.9375,248,72
-1,47.5625,253,80
-1,50.75,243,64
-1,54.375,498,48
-1,57.625,416,56
-1,61.25,420,64
-1,64.5,398,72
-1,68.0625,401,72
-1,71.3125,380,64
-1,74.9375,379,72
-1,78.1875,369,72
-1,81.75,362,64
-1,85,372,80
-1,88.625,306,48
-1,92.25,131,72
-1,95.4375,164,48
-1,99.0625,389,48
-1,102.3125,377,40
-1,105.5625,391,56
-1,108.8125,1,48
-1,112.375,192,40
-1,115.625,1,32
-1,118.875,1,32
-1,122.125,83,64
-1,126.125,93,80
-1,129.3125,84,80
-1,132.9375,81,80
-1,136.5625,88,88
-1,139.8125,95,88
-1,143.375,104,88
-1,146.625,610,48
-1,150.25,1,24
-1,153.5,83,80
-1,157.0625,1,56
-1,160.3125,487,56
-1,163.5625,1,24
-1,166.8125,1,16
-1,170.0625,521,48
-1,173.6875,496,64
-1,176.875,377,64
-1,180.125,364,72
-1,183.375,481,48
-1,187,459,48
-1,190.25,235,80
-1,193.8125,230,88
-1,197.0625,231,80
-1,200.6875,235,80
-1,203.9375,242,80
-1,207.5625,1,24
-1,210.75,590,40
-1,214.375,607,72
-1,217.625,616,64
-1,221.25,650,40
-1,224.8125,1,64
-1,228.0625,540,48
-1,231.6875,1,16
-1,234.9375,544,40
-1,238.5,553,32
-1,241.75,123,72
-1,245,115,72
-1,248.625,113,72
-1,251.875,104,56
-1,255.4375,249,72
-1,258.6875,306,40
-1,262.3125,479,56
-1,266.25,485,72
-1,269.5,472,56
-1,273.125,112,72
-1,276.375,108,80
-1,280,112,80
-1,283.1875,113,80
-1,286.8125,106,72
-1,290.4375,100,56
-1,293.6875,120,32
-1,297.25,1,48
-1,300.5,556,32
-1,304.125,1,48
-1,307.375,288,64
-1,310.625,1,24
-1,313.8125,1,16
-1,317.4375,1,48
-1,320.6875,1,24
-1,324.3125,725,56
-1,327.5625,1,24
-1,331.125,66,72
-1,334.375,69,80
-1,338,64,72
-1,341.5625,65,72
-1,344.8125,64,72
-1,348.4375,62,72
-1,351.6875,61,80
-1,355.3125,63,72
-1,358.5,67,80
1515627440705,2.875,64,80
-1,6.125,62,80
-1,9.6875,65,72
-1,12.9375,65,72
-1,16.1875,65,80
-1,19.4375,69,80
-1,23.375,69,72
-1,26.625,68,80
-1,29.875,100,40
-1,33.5,259,56
-1,36.75,1,48
-1,40.3125,235,40
-1,43.5625,244,80
-1,47.1875,260,72
-1,50.4375,244,80
-1,53.6875,504,48
-1,57.25,405,48
-1,60.5,440,64
-1,64.125,399,72
-1,67.6875,395,64
-1,70.9375,386,72
-1,74.1875,380,64
-1,77.8125,374,72
-1,81.4375,367,72
-1,84.625,368,72
-1,87.875,349,40
-1,91.125,141,64
-1,94.75,128,64
-1,98,374,40
-1,101.5625,376,48
-1,104.8125,386,64
-1,108.4375,380,40
-1,111.6875,345,32
-1,114.9375,188,48
-1,118.1875,1,24
-1,121.75,1,88
-1,125.75,92,88
-1,129,83,80
-1,132.9375,83,80
-1,136.5625,90,88
-1,139.8125,97,88
-1,143.375,106,88
-1,146.625,583,56
-1,150.25,1,24
-1,153.5,87,80
-1,157.0625,1,32
-1,160.3125,1,48
-1,163.5625,1,32
-1,166.8125,1,16
-1,170.0625,517,48
-1,173.6875,497,64
-1,176.875,368,72
-1,180.5,425,56
-1,183.75,486,48
-1,187.375,464,48
-1,190.625,235,88
-1,194.1875,226,88
-1,197.4375,227,88
-1,200.6875,235,80
-1,204.3125,240,80
-1,207.5625,1,16
-1,211.125,560,48
-1,214.375,622,64
-1,218,611,56
-1,221.9375,655,56
-1,225.1875,598,56
-1,228.4375,528,56
-1,232.0625,1,24
-1,235.3125,540,48
-1,238.875,546,32
-1,242.125,119,72
-1,245.75,108,72
-1,249,115,80
-1,252.5625,110,56
-1,255.8125,252,40
-1,259.4375,310,40
-1,262.6875,484,64
-1,266.25,492,72
-1,269.5,506,32
-1,273.125,106,80
-1,276.375,106,80
-1,280,109,80
-1,283.1875,110,72
-1,286.8125,110,80
-1,290.4375,107,48
-1,293.6875,118,72
-1,297.25,105,56
-1,300.5,555,40
-1,304.125,586,48
-1,307.375,312,40
-1,310.9375,1,24
-1,314.1875,1,16
-1,317.8125,1,40
-1,321.0625,1,48
-1,324.625,1,72
-1,327.875,1,16
-1,331.5,67,80
-1,334.75,65,80
-1,338,63,72
-1,341.5625,69,72
-1,344.8125,64,80
-1,348.4375,66,72
-1,351.6875,67,80
-1,354.9375,60,72
-1,358.5,62,80
1515627440805,2.5,61,80
-1,6.125,59,80
-1,9.3125,68,80
-1,12.9375,64,72
-1,16.1875,63,80
-1,19.8125,63,72
-1,23.375,68,72
-1,26.625,72,72
-1,30.25,110,32
-1,33.5,263,64
-1,36.75,247,64
-1,40,217,40
-1,43.5625,246,80
-1,47.1875,263,64
-1,50.4375,245,72
-1,54,504,56
-1,57.25,395,56
-1,60.875,430,64
-1,64.125,406,72
-1,67.6875,395,72
-1,70.9375,389,72
-1,74.1875,376,72
-1,77.4375,382,72
-1,80.6875,371,64
-1,84.3125,370,72
-1,87.5625,343,48
-1,91.125,131,64
-1,94.75,144,72
-1,98,374,40
-1,101.25,387,48
-1,104.8125,384,72
-1,108.0625,370,24
-1,111.6875,1,24
-1,114.9375,184,48
-1,118.1875,1,24
-1,122.125,1,24
-1,125.375,88,88
-1,129,78,80
-1,132.5625,83,80
-1,136.1875,88,80
-1,139.4375,93,88
-1,142.6875,108,88
-1,145.9375,104,48
-1,149.1875,611,32
-1,152.375,88,80
-1,156,85,80
-1,159.25,479,48
-1,162.5,1,48
-1,165.75,1,24
-1,169,53,64
-1,172.25,520,48
-1,175.4375,368,80
-1,178.6875,396,64
-1,181.9375,494,40
-1,185.5625,470,40
-1,188.8125,256,40
-1,192.375,232,88
-1,195.625,228,88
-1,199.25,232,80
-1,202.5,232,80
-1,205.75,1,32
-1,209,1,16
-1,212.5625,593,72
-1,215.8125,622,56
-1,219.4375,1,40
-1,223.0625,650,40
-1,226.25,549,48
-1,229.875,548,56
-1,233.125,598,48
-1,236.75,550,40
-1,240,119,48
-1,243.5625,108,72
-1,246.8125,112,72
-1,250.4375,117,72
-1,253.6875,702,32
-1,257.25,278,48
-1,260.5,449,64
-1,264.5,486,64
-1,268.0625,493,72
-1,271.3125,128,40
-1,274.9375,110,80
-1,278.1875,104,80
-1,281.75,114,80
-1,285,109,80
-1,288.625,110,72
-1,291.875,519,32
-1,295.125,553,48
-1,298.6875,559,72
-1,301.9375,559,40
-1,305.5625,1,48
-1,308.4375,323,32
-1,312.0625,621,24
-1,315.3125,1,48
-1,318.875,1,24
-1,322.125,1,48
-1,325.75,1,48
-1,329,69,56
-1,332.5625,64,72
-1,335.8125,68,72
-1,339.0625,65,72
-1,342.6875,63,72
-1,346.25,68,80
-1,349.5,62,80
-1,353.125,69,80
-1,356.375,64,80
1515627440895,0.6875,60,80
-1,3.9375,63,80
-1,7.5625,63,80
-1,10.75,57,80
-1,14.375,62,80
-1,17.625,62,72
-1,21.25,68,72
-1,25.1875,68,72
-1,28.4375,74,72
-1,32.0625,223,48
-1,35.3125,250,40
-1,38.875,238,56
-1,42.125,230,72
-1,45.75,270,64
-1,49.3125,256,80
-1,52.5625,1,48
-1,56.1875,465,40
-1,59.4375,439,64
-1,63.0625,410,72
-1,66.25,389,72
-1,69.875,390,72
-1,73.125,382,72
-1,76.375,371,80
-1,79.625,369,64
-1,83.1875,368,72
-1,86.4375,369,80
-1,90.0625,174,40
-1,93.3125,130,72
-1,96.875,187,32
-1,100.125,368,48
-1,103.375,370,40
-1,106.625,1,32
-1,109.875,370,48
-1,113.5,185,80
-1,116.75,447,24
-1,120.6875,1,24
-1,123.9375,94,88
-1,127.5625,82,80
-1,130.75,82,80
-1,134.75,86,88
-1,138,92,88
-1,141.25,101,88
-1,144.5,110,88
-1,148.0625,593,64
-1,151.3125,75,40
-1,154.9375,86,80
-1,158.1875,449,24
-1,161.75,37,48
-1,165,1,32
-1,168.25,54,56
-1,171.875,55,32
-1,175.125,379,80
-1,178.6875,447,64
-1,181.9375,484,48
-1,185.1875,484,48
-1,188.8125,1,48
-1,192.0625,231,80
-1,195.625,232,88
-1,199.25,231,88
-1,202.5,236,80
-1,205.75,1,40
-1,209,1,16
-1,212.5625,597,40
-1,215.8125,610,64
-1,219.4375,1,32
-1,223.0625,664,32
-1,226.25,548,56
-1,229.875,547,56
-1,233.125,557,48
-1,236.75,533,40
-1,240,126,48
-1,243.5625,121,72
-1,246.8125,116,72
-1,250.4375,111,72
-1,253.6875,690,56
-1,256.875,280,40
-1,260.125,409,64
-1,263.75,484,72
-1,267,499,64
-1,270.625,1,48
-1,273.8125,104,72
-1,277.4375,109,72
-1,280.6875,114,80
-1,284.3125,110,80
-1,288.25,110,72
-1,291.5,526,80
-1,294.75,559,56
-1,298.375,540,56
-1,301.5625,555,56
-1,304.8125,1,24
-1,307.6875,320,48
-1,311.3125,1,32
-1,314.5625,1,32
-1,318.1875,1,24
-1,321.4375,739,32
-1,325,763,56
-1,328.25,1,16
-1,331.875,68,72
-1,335.4375,67,80
-1,338.6875,70,72
-1,342.3125,67,80
-1,345.5625,67,80
-1,349.1875,59,80
-1,352.375,61,80
-1,356,65,72
-1,359.25,63,80
1515627440997,3.1875,61,80
-1,6.8125,61,80
-1,10.0625,65,80
-1,13.6875,67,80
-1,16.875,63,72
-1,20.5,67,72
-1,24.125,65,72
-1,27.375,76,80
-1,30.9375,248,72
-1,34.1875,260,56
-1,37.8125,243,56
-1,41.0625,230,48
-1,44.625,253,80
-1,47.875,262,72
-1,51.125,252,56
-1,54.75,504,56
-1,58,424,56
-1,61.5625,406,64
-1,64.8125,402,80
-1,68.4375,390,72
-1,72.0625,384,72
-1,75.3125,369,72
-1,78.875,374,72
-1,82.125,363,72
-1,85.75,365,72
-1,89.3125,220,56
-1,92.9375,133,72
-1,96.1875,156,40
-1,99.8125,377,56
-1,103.0625,387,48
-1,106.625,399,48
-1,109.875,373,56
-1,113.125,177,64
-1,117.0625,1,24
-1,120.3125,1,32
-1,123.5625,102,88
-1,126.8125,80,80
-1,130.0625,83,88
-1,134,85,80
-1,137.25,94,88
-1,140.875,97,88
-1,144.5,109,88
-1,147.6875,598,40
-1,150.9375,27,56
-1,154.5625,83,80
-1,157.8125,1,24
-1,161.0625,33,48
-1,164.3125,1,24
-1,167.5625,5,24
-1,170.75,391,48
-1,174,370,80
-1,177.25,482,64
-1,180.5,493,64
-1,184.125,487,56
-1,187.375,467,64
-1,190.9375,236,88
-1,194.1875,233,88
-1,197.8125,231,80
-1,201.4375,232,80
-1,204.625,248,48
-1,208.25,259,24
-1,211.5,563,64
-1,215.125,622,72
-1,218.375,1,24
-1,221.9375,652,56
-1,225.1875,576,72
-1,228.4375,535,56
-1,231.6875,1,16
-1,235.3125,519,48
-1,238.5,544,32
-1,242.125,113,64
-1,245.375,107,72
-1,249,110,72
-1,252.25,106,56
-1,255.8125,259,40
-1,259.0625,327,32
-1,262.6875,475,64
-1,266.625,499,72
-1,269.875,1,40
-1,273.5,107,80
-1,276.75,107,72
-1,280.3125,108,80
-1,283.5625,111,72
-1,287.1875,107,72
-1,290.75,104,48
-1,294.375,110,32
-1,297.625,1,32
-1,300.875,546,40
-1,304.125,1,40
-1,307.6875,1,56
-1,310.625,1,24
-1,314.1875,1,24
-1,317.4375,1,40
-1,321.0625,1,32
-1,324.3125,772,32
-1,327.5625,1,16
-1,331.125,70,72
-1,334.75,69,72
-1,338,63,72
-1,341.5625,65,72
-1,344.8125,63,72
-1,348.0625,60,80
-1,351.6875,60,80
-1,354.9375,63,72
-1,358.1875,61,80
1515627441099,2.125,66,80
-1,5.75,59,80
-1,9,65,80
-1,12.25,62,80
-1,15.4375,70,72
-1,19.0625,65,80
-1,23.0625,67,72
-1,26.25,68,80
-1,29.5,74,48
-1,33.125,245,48
-1,36.375,240,40
-1,39.625,217,64
-1,43.1875,241,80
-1,46.4375,267,72
-1,50.0625,252,72
-1,53.3125,496,56
-1,56.875,435,40
-1,60.125,440,56
-1,63.75,399,72
-1,67,393,80
-1,70.625,386,72
-1,73.8125,377,72
-1,77.4375,377,72
-1,81.0625,363,72
-1,84.3125,365,72
-1,87.875,359,56
-1,91.125,124,56
-1,94.375,139,64
-1,98,1,40
-1,101.25,365,40
-1,104.8125,371,40
-1,108.0625,390,48
-1,111.3125,1,56
-1,115.3125,185,56
-1,118.5,1,24
-1,121.75,1,56
-1,125.375,86,80
-1,128.625,81,80
-1,132.5625,82,80
-1,136.1875,86,80
-1,139.4375,93,88
-1,142.6875,103,88
-1,145.9375,95,48
-1,149.5,583,48
-1,152.75,78,72
-1,156.375,94,64
-1,159.625,477,64
-1,162.875,1,16
-1,166.125,1,24
-1,169.3125,55,32
-1,172.5625,375,56
-1,175.8125,471,48
-1,179.4375,476,64
-1,182.6875,483,64
-1,185.9375,476,56
-1,189.1875,255,48
-1,192.375,230,80
-1,196,224,80
-1,199.25,229,80
-1,202.875,239,80
-1,206.125,1,24
-1,209.6875,1,24
-1,212.9375,600,40
-1,216.5625,611,48
-1,220.125,235,40
-1,223.375,638,56
-1,226.625,556,48
-1,229.875,553,32
-1,233.5,586,48
-1,236.75,536,48
-1,240.3125,121,48
-1,243.9375,117,72
-1,247.1875,109,80
-1,250.4375,113,72
-1,253.6875,659,32
-1,256.875,271,40
-1,260.125,438,40
-1,263.75,486,72
-1,267,498,72
-1,270.625,235,48
-1,273.8125,106,80
-1,277.0625,106,80
-1,280.6875,108,80
-1,283.9375,105,72
-1,287.875,104,80
-1,291.125,1,64
-1,294.375,1,56
-1,298,519,48
-1,301.25,553,48
-1,304.8125,1,40
-1,308.0625,1,40
-1,311.3125,1,16
-1,314.9375,1,24
-1,318.1875,1,24
-1,321.4375,1,48
-1,325,743,56
-1,328.25,1,24
-1,331.875,70,72
-1,335.125,69,80
-1,338.375,64,72
-1,341.9375,61,80
-1,345.1875,64,80
-1,348.4375,62,80
-1,352.0625,59,80
-1,355.3125,56,80
-1,358.5,64,80
1515627441200,2.5,60,80
-1,6.125,62,80
-1,9.3125,65,80
-1,12.9375,60,72
-1,16.1875,62,80
-1,19.8125,62,72
-1,23.0625,63,72
-1,26.625,67,72
-1,29.875,102,24
-1,33.5,254,56
-1,36.75,258,56
-1,40.3125,222,40
-1,43.5625,246,80
-1,47.1875,261,72
-1,50.4375,241,72
-1,53.6875,511,48
-1,57.25,404,64
-1,60.5,426,64
-1,64.125,397,72
-1,67.6875,390,72
-1,70.9375,383,72
-1,74.1875,377,72
-1,77.4375,379,72
-1,81.0625,370,72
-1,84.3125,367,72
-1,88.25,354,40
-1,91.875,134,72
-1,95.125,138,56
-1,98.6875,379,48
-1,101.9375,385,48
-1,105.5625,374,72
-1,108.8125,1,32
-1,112.375,1,32
-1,115.625,1,48
-1,118.875,1,16
-1,122.5,104,80
-1,126.125,87,80
-1,129.3125,80,80
-1,133.3125,80,80
-1,136.5625,89,88
-1,140.125,95,88
-1,143.375,103,88
-1,147,603,48
-1,150.25,1,24
-1,153.8125,85,80
-1,157.4375,86,32
-1,160.6875,18,72
-1,163.9375,1,24
-1,167.1875,1,16
-1,170.4375,382,48
-1,173.6875,423,64
-1,176.875,491,64
-1,180.5,488,64
-1,184.125,485,48
-1,187.375,461,64
-1,190.625,234,88
-1,193.8125,231,88
-1,197.4375,229,88
-1,200.3125,232,80
-1,203.9375,239,88
-1,207.1875,1,24
-1,210.75,571,64
-1,214,606,56
-1,217.625,1,48
-1,221.5625,642,48
-1,224.8125,639,40
-1,228.0625,534,48
-1,231.6875,1,16
-1,234.9375,552,32
-1,238.1875,540,40
-1,241.75,121,56
-1,245.375,115,72
-1,248.625,113,80
-1,252.25,104,56
-1,255.4375,247,40
-1,259.0625,288,32
-1,262.3125,483,56
-1,265.9375,488,64
-1,269.1875,481,40
-1,272.375,119,72
-1,276,104,72
-1,279.25,110,80
-1,282.875,110,80
-1,286.125,113,72
-1,289.6875,108,64
-1,292.9375,102,32
-1,296.1875,1,56
-1,299.4375,547,48
-1,302.6875,576,56
-1,305.9375,321,40
-1,309.1875,1,24
-1,312.375,656,48
-1,316,1,56
-1,319.25,713,48
-1,322.875,1,48
-1,326.125,1,32
-1,330.0625,66,48
-1,333.6875,68,80
-1,337.25,67,72
-1,340.5,65,80
-1,344.125,65,80
-1,347.375,59,80
-1,350.9375,65,80
-1,354.1875,62,80
-1,357.8125,63,80
1515627441305,1.75,58,72
-1,5.375,58,72
-1,8.625,56,80
-1,12.25,58,80
-1,15.4375,65,80
-1,19.0625,66,80
-1,22.6875,67,72
-1,25.9375,69,72
-1,29.1875,74,64
-1,32.75,244,48
-1,36,243,40
-1,39.625,1,40
-1,42.875,241,72
-1,46.4375,254,72
-1,49.6875,254,80
-1,53.3125,487,40
-1,56.5625,419,48
-1,60.125,435,56
-1,63.375,400,72
-1,67,394,72
-1,70.25,390,72
-1,73.8125,378,64
-1,77.0625,378,64
-1,80.6875,364,64
-1,83.9375,368,80
-1,87.1875,357,72
-1,90.75,133,48
-1,94,134,72
-1,97.625,319,48
-1,100.875,378,56
-1,104.5,360,32
-1,108.4375,1,40
-1,111.6875,253,32
-1,115.3125,195,56
-1,118.5,1,32
-1,122.125,1,16
-1,125.375,92,88
-1,128.625,78,80
-1,131.875,82,80
-1,135.4375,85,88
-1,138.6875,94,88
-1,142.3125,102,88
-1,145.5625,114,56
-1,149.1875,1,40
-1,152.375,88,80
-1,156,89,80
-1,159.25,481,56
-1,162.5,1,24
-1,165.75,1,16
-1,169,44,56
-1,172.25,434,32
-1,175.4375,466,64
-1,179.0625,476,64
-1,182.3125,487,40
-1,185.5625,465,56
-1,188.8125,272,80
-1,192.375,232,88
-1,195.625,230,88
-1,199.25,229,80
-1,202.875,236,80
-1,206.125,1,16
-1,209.6875,1,16
-1,212.9375,592,40
-1,216.5625,597,56
-1,219.8125,1,40
-1,223.0625,656,32
-1,226.625,559,48
-1,229.875,554,40
-1,233.5,581,48
-1,236.75,528,40
-1,240.3125,115,56
-1,243.9375,119,72
-1,247.1875,112,80
-1,250.75,116,72
-1,254,717,48
-1,257.25,277,48
-1,260.5,460,72
-1,264.5,484,80
-1,268.0625,508,64
-1,271.3125,133,72
-1,274.9375,108,80
-1,278.1875,107,80
-1,281.75,108,80
-1,285,110,80
-1,288.625,108,72
-1,292.25,1,32
-1,295.4375,546,32
-1,298.6875,559,32
-1,302.3125,574,64
-1,305.5625,314,72
-1,308.8125,1,40
-1,312.375,643,40
-1,315.625,348,64
-1,319.25,1,24
-1,322.5,1,48
-1,326.125,1,32
-1,329.3125,81,72
-1,332.5625,63,72
-1,336.1875,66,80
-1,339.4375,66,80
-1,342.6875,60,80
-1,346.25,64,80
-1,349.5,62,80
-1,353.125,63,72
-1,356.375,61,80
1515627441406,0.6875,64,80
-1,3.9375,59,80
-1,7.5625,59,80
-1,10.75,62,80
-1,14.375,65,80
-1,17.625,66,80
-1,21.25,63,72
-1,24.8125,68,72
-1,28.0625,69,72
-1,31.6875,224,48
-1,34.9375,260,48
-1,38.5,235,40
-1,41.75,229,64
-1,45.375,264,64
-1,48.625,258,80
-1,52.25,1,48
-1,55.4375,468,48
-1,59.0625,438,64
-1,62.3125,404,64
-1,65.5625,394,72
-1,69.1875,389,80
-1,72.375,387,72
-1,76,374,72
-1,79.25,369,64
-1,82.875,379,64
-1,86.125,362,80
-1,89.6875,157,64
-1,92.9375,139,72
-1,96.1875,173,72
-1,99.8125,388,56
-1,103.0625,374,40
-1,107,363,40
-1,110.25,375,48
-1,113.8125,180,80
-1,117.4375,1,24
-1,120.6875,990,16
-1,123.9375,99,88
-1,127.1875,81,80
-1,130.4375,83,80
-1,134.375,84,80
-1,137.625,90,88
-1,141.25,100,88
-1,144.5,110,88
-1,148.0625,604,40
-1,151.3125,91,48
-1,154.9375,87,80
-1,158.1875,1,16
-1,161.4375,48,56
-1,165,1,24
-1,168.25,65,64
-1,171.5,1,64
-1,175.125,477,56
-1,178.375,485,72
-1,181.9375,491,56
-1,185.1875,465,72
-1,188.8125,1,40
-1,192.0625,231,80
-1,195.625,226,88
-1,198.5,234,80
-1,202.125,237,80
-1,205.375,1,48
-1,208.625,1,16
-1,212.25,582,40
-1,215.4375,618,56
-1,219.0625,1,40
-1,222.6875,648,40
-1,226.25,560,40
-1,229.5,547,56
-1,233.125,1,32
-1,236.375,546,32
-1,239.625,113,40
-1,243.1875,120,72
-1,246.8125,111,80
-1,250.0625,110,80
-1,253.6875,698,40
-1,256.875,272,48
-1,260.5,1,56
-1,263.75,482,72
-1,267.375,499,64
-1,270.625,226,56
-1,274.1875,108,80
-1,277.4375,103,80
-1,280.6875,110,80
-1,283.9375,110,80
-1,287.5625,113,72
-1,290.75,1,32
-1,294.375,116,32
-1,298,550,48
-1,301.25,1,32
-1,304.5,1,32
-1,307.6875,1,48
-1,310.9375,1,40
-1,314.1875,1,24
-1,317.4375,1,24
-1,321.0625,1,24
-1,324.3125,750,48
-1,327.875,1,24
-1,331.875,69,72
-1,335.125,67,80
-1,338.375,61,72
-1,341.9375,64,80
-1,345.1875,62,80
-1,348.8125,64,80
-1,352.0625,59,80
-1,355.625,58,72
-1,358.875,64,80
1515627441505,2.875,61,80
-1,6.125,58,80
-1,9.3125,61,80
-1,12.9375,64,80
-1,16.1875,72,72
-1,19.8125,68,72
-1,23.75,69,80
-1,27,74,72
-1,30.25,155,56
-1,33.5,257,64
-1,37.0625,214,56
-1,40.3125,216,48
-1,43.9375,254,80
-1,47.1875,262,72
-1,50.75,247,80
-1,54,499,56
-1,57.625,401,56
-1,60.875,422,64
-1,64.5,400,64
-1,68.0625,392,80
-1,71.3125,383,80
-1,74.9375,380,80
-1,78.1875,378,72
-1,81.4375,373,72
-1,85,373,80
-1,88.25,337,56
-1,91.875,132,72
-1,95.125,160,56
-1,98.375,366,56
-1,102.3125,380,32
-1,105.5625,396,32
-1,108.8125,372,32
-1,112.375,202,72
-1,116,1,48
-1,119.25,1,24
-1,122.5,106,48
-1,126.125,86,80
-1,129.3125,82,80
-1,132.9375,83,80
-1,136.5625,90,88
-1,139.8125,99,88
-1,143.375,109,88
-1,146.625,589,48
-1,150.25,1,16
-1,153.5,90,80
-1,157.0625,84,56
-1,160.6875,506,32
-1,163.9375,413,72
-1,167.5625,9063,24
-1,170.75,454,40
-1,174.375,496,64
-1,177.25,500,64
-1,180.875,484,56
-1,184.125,484,40
-1,187.6875,459,56
-1,190.9375,236,80
-1,194.1875,230,80
-1,197.8125,230,88
-1,201.4375,235,80
-1,204.625,246,72
-1,208.25,1,24
-1,211.5,601,40
-1,215.125,619,64
-1,218.375,1,32
-1,221.9375,644,48
-1,225.1875,578,48
-1,228.4375,539,56
-1,231.6875,1,24
-1,235.3125,540,40
-1,238.5,550,32
-1,242.125,119,72
-1,245.75,111,80
-1,249,112,72
-1,252.25,103,48
-1,255.4375,241,40
-1,259.0625,298,40
-1,262.3125,477,56
-1,266.25,485,64
-1,269.5,489,40
-1,272.75,108,80
-1,276.375,105,80
-1,279.625,110,80
-1,283.1875,109,80
-1,286.4375,112,80
-1,290.0625,99,72
-1,293.3125,115,32
-1,296.5625,1,56
-1,300.125,544,48
-1,303.75,536,56
-1,307,300,40
-1,309.875,313,48
-1,313.5,1,32
-1,316.75,1,48
-1,320,1,32
-1,323.5625,1,48
-1,326.8125,1,24
-1,330.4375,70,72
-1,334,67,72
-1,337.25,62,80
-1,340.875,65,72
-1,344.125,59,80
-1,347.375,61,80
-1,350.9375,62,80
-1,354.1875,65,80
-1,357.8125,59,80
1515627441607,1.75,59,80
-1,5.375,59,80
-1,8.625,63,80
-1,12.25,63,80
-1,15.4375,64,72
-1,19.0625,64,80
-1,22.6875,67,80
-1,25.9375,69,80
-1,29.1875,73,64
-1,32.375,250,56
-1,35.625,225,48
-1,39.25,221,40
-1,42.5,242,80
-1,46.125,266,56
-1,49.6875,247,80
-1,52.9375,496,48
-1,56.5625,422,40
-1,59.8125,442,56
-1,63.375,406,80
-1,67.375,393,80
-1,70.625,384,72
-1,73.8125,385,72
-1,77.4375,380,72
-1,80.6875,380,72
-1,84.3125,373,72
-1,87.5625,363,64
-1,91.125,147,64
-1,94.375,135,64
-1,97.625,330,48
-1,101.5625,379,48
-1,104.8125,393,64
-1,108.0625,1,32
-1,110.9375,1,24
-1,114.5625,182,72
-1,117.8125,1,24
-1,121.4375,1,24
-1,124.625,95,88
-1,128.25,81,80
-1,131.5,83,80
-1,135.4375,85,88
-1,138.6875,93,88
-1,142.3125,101,88
-1,145.5625,108,64
-1,148.8125,1,40
-1,152.375,85,80
-1,156,89,80
-1,159.25,493,48
-1,162.875,429,48
-1,166.125,376,64
-1,169.6875,39,48
-1,172.9375,511,64
-1,176.5625,472,64
-1,180.125,485,56
-1,183.375,492,40
-1,187,463,56
-1,190.25,241,80
-1,193.5,228,88
-1,197.0625,226,88
-1,200.3125,230,80
-1,203.5625,242,80
-1,207.1875,1,24
-1,210.4375,561,40
-1,213.6875,603,48
-1,217.25,607,40
-1,221.25,632,72
-1,224.5,632,48
-1,227.6875,555,48
-1,230.9375,1,24
-1,234.5625,538,72
-1,237.8125,529,56
-1,241.4375,123,72
-1,245,107,72
-1,248.25,108,72
-1,251.875,109,64
-1,255.125,1,64
-1,258.375,269,32
-1,261.9375,477,48
-1,265.5625,485,64
-1,268.8125,494,56
-1,272.0625,106,64
-1,275.3125,108,72
-1,278.875,108,80
-1,282.125,110,80
-1,285.75,112,80
-1,289,105,72
-1,292.5625,1,32
-1,295.8125,548,56
-1,299.0625,547,48
-1,302.6875,529,56
-1,305.9375,321,72
-1,309.5,1,40
-1,312.75,1,24
-1,316.375,364,64
-1,319.625,1,32
-1,323.1875,1,48
-1,326.4375,1,24
-1,330.0625,77,40
-1,333.3125,67,80
-1,336.875,64,72
-1,340.125,68,72
-1,343.75,65,72
-1,347.375,65,72
-1,350.625,60,80
-1,354.1875,64,80
-1,357.4375,64,80
1515627441709,1.75,64,88
-1,5,59,72
-1,8.25,63,80
-1,11.875,69,80
-1,15.125,70,72
-1,18.6875,64,72
-1,21.9375,67,72
-1,25.5625,64,80
-1,28.8125,68,72
-1,32.375,233,48
-1,35.625,236,40
-1,39.25,224,64
-1,42.5,240,72
-1,46.125,259,64
-1,49.6875,253,80
-1,52.9375,1,40
-1,56.5625,445,40
-1,59.8125,444,64
-1,63.375,404,72
-1,67,395,80
-1,70.25,385,72
-1,73.5,385,72
-1,76.75,376,80
-1,80.3125,370,72
-1,83.5625,367,72
-1,87.1875,366,80
-1,90.75,130,56
-1,94,143,72
-1,98,319,48
-1,101.5625,379,48
-1,104.8125,369,64
-1,108.4375,392,40
-1,112.0625,1,24
-1,115.3125,204,48
-1,118.5,1,16
-1,122.125,1,40
-1,125.375,87,80
-1,129,83,80
-1,132.5625,84,80
-1,136.1875,85,88
-1,139.4375,92,88
-1,142.6875,107,88
-1,146.25,99,48
-1,149.5,587,32
-1,153.125,88,80
-1,156.75,89,64
-1,160,487,64
-1,163.5625,387,72
-1,166.8125,1,16
-1,170.4375,512,48
-1,173.6875,495,72
-1,177.25,501,64
-1,180.125,494,64
-1,183.75,483,48
-1,187,462,64
-1,190.625,237,88
-1,193.8125,231,88
-1,197.4375,230,88
-1,201.0625,236,80
-1,204.3125,240,72
-1,207.5625,1,32
-1,210.75,1,48
-1,214,616,56
-1,217.25,604,40
-1,220.875,617,64
-1,224.5,1,32
-1,227.6875,530,56
-1,231.3125,638,32
-1,234.5625,556,64
-1,238.1875,526,40
-1,241.4375,111,72
-1,245,112,72
-1,248.25,106,80
-1,251.5,113,72
-1,254.75,1,64
-1,258.375,283,48
-1,261.5625,475,48
-1,265.5625,473,72
-1,268.8125,493,40
-1,272.375,108,64
-1,275.625,109,80
-1,278.875,103,80
-1,282.5,112,80
-1,285.75,114,80
-1,289.3125,113,72
-1,292.5625,1,40
-1,296.1875,1,56
-1,299.4375,553,40
-1,303.0625,554,40
-1,306.625,314,64
-1,309.5,1,40
-1,313.125,648,24
-1,316.75,1,48
-1,320,1,32
-1,323.1875,760,48
-1,326.4375,1,32
-1,330.0625,68,56
-1,333.6875,70,72
-1,336.875,66,72
-1,340.5,64,80
-1,344.125,64,80
-1,347.375,61,80
-1,350.625,59,80
-1,354.1875,64,72
-1,357.4375,64,80
1515627441805,1.75,60,80
-1,5,61,80
-1,8.625,62,80
-1,11.875,64,80
-1,15.125,67,80
-1,18.375,70,72
-1,22.3125,66,72
-1,25.9375,69,72
-1,29.5,73,64
-1,32.75,258,56
-1,36.375,245,40
-1,39.625,207,64
-1,43.1875,239,80
-1,46.8125,270,56
-1,50.0625,247,80
-1,53.6875,492,48
-1,56.875,420,48
-1,60.5,446,64
-1,63.75,396,72
-1,67.375,392,80
-1,70.625,389,72
-1,74.1875,379,72
-1,77.4375,368,80
-1,81.0625,371,64
-1,84.3125,362,80
-1,87.875,363,56
-1,91.5,136,56
-1,95.125,139,64
-1,98.6875,382,40
-1,101.9375,387,32
-1,105.5625,1,56
-1,108.8125,398,48
-1,112.0625,217,48
-1,115.625,183,32
-1,118.875,6758,16
-1,122.125,1,48
-1,125.375,86,80
-1,129,82,80
-1,132.9375,85,80
-1,136.1875,90,88
-1,139.4375,97,96
-1,143.0625,107,88
-1,146.25,594,40
-1,149.875,1,24
-1,153.125,89,80
-1,156.75,89,56
-1,160,387,40
-1,163.5625,388,72
-1,166.8125,1,16
-1,170.4375,512,48
-1,173.6875,499,72
-1,177.25,491,56
-1,180.5,495,56
-1,184.125,480,48
-1,187.375,478,64
-1,190.9375,236,80
-1,194.1875,228,88
-1,197.4375,230,88
-1,200.3125,233,80
-1,203.9375,241,88
-1,207.1875,1,24
-1,210.75,1,40
-1,214,624,48
-1,217.625,1,64
-1,221.25,632,40
-1,224.8125,646,56
-1,228.0625,532,40
-1,231.3125,1,16
-1,234.9375,538,56
-1,238.1875,539,56
-1,241.75,113,72
-1,245.375,114,72
-1,248.625,117,80
-1,252.25,112,64
-1,255.4375,225,40
-1,259.0625,305,40
-1,262.3125,481,56
-1,265.9375,485,72
-1,269.1875,498,32
-1,272.375,114,72
-1,275.625,105,80
-1,278.875,102,80
-1,282.5,108,80
-1,285.75,106,80
-1,289.3125,114,72
-1,292.5625,113,40
-1,296.1875,1,64
-1,299.4375,555,40
-1,303.0625,570,64
-1,306.25,317,48
-1,309.5,320,32
-1,312.75,1,56
-1,316,349,32
-1,319.625,1,32
-1,322.875,734,48
-1,326.4375,1,48
-1,330.0625,62,64
-1,333.6875,62,72
-1,336.875,65,72
-1,340.125,63,80
-1,343.375,63,80
-1,347,64,72
-1,350.25,63,80
-1,353.8125,62,72
-1,357.0625,64,80
1515627441905,1.0625,65,80
-1,4.3125,60,80
-1,7.5625,61,80
-1,11.125,56,80
-1,14.375,67,80
-1,18,63,72
-1,21.25,60,72
-1,25.1875,62,72
-1,28.4375,68,64
-1,31.6875,244,56
-1,35.3125,252,48
-1,38.5,245,64
-1,41.75,229,72
-1,45.375,252,72
-1,48.625,259,80
-1,51.875,287,32
-1,55.125,484,48
-1,58.6875,435,56
-1,61.9375,410,72
-1,65.5625,391,80
-1,69.1875,390,72
-1,72.375,390,80
-1,76,371,80
-1,79.25,372,72
-1,82.5,372,72
-1,86.125,373,80
-1,89.6875,1,72
-1,93.6875,133,72
-1,96.875,232,56
-1,100.125,376,48
-1,103.375,387,40
-1,107,1,32
-1,110.25,1,40
-1,113.8125,185,88
-1,117.0625,1,32
-1,120.6875,1,32
-1,123.9375,102,88
-1,127.5625,80,80
-1,130.75,83,80
-1,134.75,89,80
-1,138,95,88
-1,141.25,102,88
-1,144.8125,111,88
-1,148.0625,608,72
-1,151.6875,94,56
-1,154.9375,89,80
-1,158.5,1,40
-1,161.75,386,32
-1,165.375,400,56
-1,168.625,56,48
-1,172.25,530,40
-1,175.4375,462,56
-1,178.6875,480,64
-1,181.9375,499,48
-1,185.5625,460,40
-1,188.8125,262,40
-1,192.375,232,80
-1,195.625,229,88
-1,199.25,234,88
-1,202.5,236,80
-1,205.75,1,24
-1,209,2605,16
-1,212.25,590,64
-1,215.8125,627,72
-1,219.0625,1,24
-1,222.6875,671,48
-1,225.9375,553,56
-1,229.1875,536,64
-1,232.375,1,24
-1,235.625,538,48
-1,239.25,1,48
-1,242.875,114,72
-1,246.125,113,80
-1,249.6875,115,80
-1,252.9375,710,40
-1,256.5625,249,48
-1,259.8125,401,56
-1,263.375,478,64
-1,266.625,493,72
-1,270.25,1,24
-1,273.5,113,72
-1,277.0625,108,80
-1,280.3125,110,80
-1,283.9375,108,80
-1,287.5625,114,80
-1,291.125,109,40
-1,294.75,1,64
-1,298,1,32
-1,301.5625,547,32
-1,304.8125,1,32
-1,308.0625,1,32
-1,311.6875,1,32
-1,315.3125,1,32
-1,318.5,1,24
-1,322.125,1,48
-1,325.375,784,48
-1,329,1,24
-1,332.25,66,72
-1,335.8125,70,72
-1,339.0625,65,72
-1,342.3125,61,80
-1,345.9375,61,80
-1,349.1875,60,80
-1,352.75,61,72
-1,356,64,80
-1,359.625,63,80
1515627442006,3.5625,63,80
-1,6.8125,61,80
-1,10.4375,60,72
-1,14,63,80
-1,17.25,66,80
-1,20.5,57,72
-1,23.75,64,72
-1,27.375,69,72
-1,30.625,245,64
-1,34.1875,255,56
-1,37.4375,242,56
-1,41.0625,217,56
-1,44.3125,255,72
-1,47.875,260,80
-1,51.125,250,56
-1,54.375,508,56
-1,57.625,413,56
-1,60.875,418,72
-1,64.5,403,80
-1,68.0625,391,72
-1,71.3125,385,80
-1,74.9375,382,72
-1,78.1875,374,72
-1,81.75,375,64
-1,85.375,368,72
-1,89.6875,286,32
-1,92.9375,137,80
-1,96.5625,161,40
-1,99.8125,365,64
-1,103.375,381,48
-1,106.625,380,56
-1,110.25,1,40
-1,113.5,182,80
-1,116.75,1,24
-1,120.3125,1,24
-1,123.5625,98,88
-1,127.1875,79,80
-1,130.4375,80,80
-1,134,85,80
-1,137.625,92,88
-1,140.875,98,88
-1,144.5,109,88
-1,147.6875,605,64
-1,151.3125,82,56
-1,155.3125,86,80
-1,158.5,418,40
-1,161.75,396,72
-1,165,1,40
-1,168.25,44,40
-1,171.5,538,48
-1,174.75,483,64
-1,178,499,64
-1,181.25,486,48
-1,184.8125,483,48
-1,188.0625,1,48
-1,191.3125,235,80
-1,194.9375,226,88
-1,198.5,230,80
-1,201.75,231,80
-1,205,1,48
-1,208.625,1,24
-1,211.875,575,56
-1,215.4375,618,64
-1,218.6875,280,32
-1,222.3125,657,40
-1,225.5625,568,48
-1,228.8125,542,56
-1,232.375,1,32
-1,235.625,531,40
-1,239.25,1,48
-1,242.5,116,72
-1,246.125,112,80
-1,249.3125,113,80
-1,252.9375,1,40
-1,256.1875,241,48
-1,259.4375,389,48
-1,263.0625,481,64
-1,267,498,72
-1,270.25,272,40
-1,273.5,108,80
-1,277.0625,107,72
-1,280.3125,111,80
-1,283.9375,111,80
-1,287.5625,106,72
-1,290.75,1,40
-1,294,95,40
-1,297.625,1,32
-1,300.875,540,32
-1,304.5,1,32
-1,307.6875,330,48
-1,310.9375,1,24
-1,314.1875,1,16
-1,317.4375,1,32
-1,321.0625,1,32
-1,324.3125,1,48
-1,327.875,1,24
-1,331.875,67,72
-1,335.125,64,72
-1,338.375,64,72
-1,341.9375,62,80
-1,345.1875,62,80
-1,348.8125,58,72
-1,352.375,63,72
-1,355.625,63,80
-1,358.875,62,80
1515627442107,2.5,62,72
-1,6.125,60,72
-1,9.3125,64,80
-1,12.5625,59,80
-1,15.8125,64,72
-1,19.0625,67,80
-1,23.0625,67,72
-1,26.25,68,72
-1,29.875,75,48
-1,33.125,252,56
-1,36.375,243,32
-1,39.625,220,72
-1,42.875,233,80
-1,46.4375,258,64
-1,49.6875,250,72
-1,52.9375,503,40
-1,56.5625,435,48
-1,59.8125,439,56
-1,63.375,401,80
-1,67,397,72
-1,70.25,389,72
-1,73.5,385,72
-1,76.75,368,72
-1,80.3125,362,72
-1,83.5625,369,72
-1,87.5625,369,80
-1,90.75,137,64
-1,94.375,129,72
-1,97.625,369,64
-1,101.25,375,48
-1,104.5,387,56
-1,108.0625,1,24
-1,111.3125,1,32
-1,114.5625,182,56
-1,117.8125,1,24
-1,121.0625,1,16
-1,124.625,93,88
-1,127.875,83,80
-1,131.125,82,80
-1,135.125,84,80
-1,138.375,92,88
-1,141.9375,102,88
-1,145.1875,106,80
-1,148.8125,599,48
-1,152.0625,87,80
-1,155.3125,91,80
-1,158.875,404,56
-1,162.125,393,40
-1,165.75,1,24
-1,169,45,56
-1,172.25,524,56
-1,175.4375,458,48
-1,179.0625,481,64
-1,182.3125,484,48
-1,185.5625,457,48
-1,188.8125,1,56
-1,192.375,233,88
-1,195.625,228,88
-1,199.25,230,80
-1,202.875,236,80
-1,206.125,1,24
-1,209.6875,1,32
-1,212.9375,579,40
-1,216.5625,613,56
-1,219.8125,1,24
-1,223.375,656,32
-1,226.625,545,56
-1,229.875,548,56
-1,233.5,1,32
-1,236.75,531,48
-1,240.3125,115,56
-1,243.5625,115,72
-1,247.1875,110,80
-1,250.4375,111,72
-1,254,740,32
-1,257.25,280,48
-1,260.5,444,64
-1,264.125,483,72
-1,267.6875,500,72
-1,270.9375,157,64
-1,274.5625,108,72
-1,277.8125,100,80
-1,281.4375,111,80
-1,284.625,107,80
-1,288.25,110,72
-1,291.5,523,32
-1,294.75,1,56
-1,298,549,56
-1,301.5625,1,56
-1,304.8125,1,40
-1,308.4375,321,32
-1,311.6875,612,40
-1,315.3125,1,48
-1,318.5,1,16
-1,321.75,1,32
-1,325,1,48
-1,328.625,1,16
-1,332.25,65,80
-1,335.4375,66,72
-1,338.6875,64,72
-1,342.3125,65,80
-1,345.5625,64,80
-1,349.1875,62,80
-1,352.375,59,80
-1,356,62,72
-1,359.25,64,80
1515627442208,3.5625,61,80
-1,7.1875,60,72
-1,10.4375,64,88
-1,13.6875,58,80
-1,16.875,63,80
-1,20.125,67,72
-1,23.75,64,72
-1,27,66,72
-1,30.625,166,48
-1,33.8125,252,56
-1,37.0625,232,40
-1,40.6875,224,40
-1,43.9375,249,72
-1,47.5625,258,72
-1,50.75,239,72
-1,54,493,56
-1,57.25,413,56
-1,60.875,430,56
-1,64.125,393,72
-1,67.6875,398,72
-1,71.3125,389,72
-1,74.5625,387,80
-1,77.8125,368,72
-1,81.4375,370,80
-1,85.375,375,80
-1,88.625,244,40
-1,91.875,136,64
-1,95.4375,158,56
-1,98.6875,381,48
-1,101.9375,386,48
-1,105.1875,1,56
-1,108.8125,381,40
-1,112.375,188,56
-1,115.625,194,32
-1,119.25,1,24
-1,122.875,117,72
-1,126.125,85,80
-1,129.3125,83,80
-1,133.3125,82,80
-1,136.5625,87,88
-1,140.125,94,88
-1,143.375,107,88
-1,146.625,595,48
-1,150.25,1,24
-1,153.5,91,80
-1,157.0625,120,40
-1,160.3125,394,48
-1,163.9375,468,40
-1,167.1875,1,16
-1,170.75,509,48
-1,174,492,64
-1,177.25,504,64
-1,180.5,498,64
-1,184.125,479,48
-1,187.375,474,56
-1,190.9375,235,80
-1,194.1875,224,88
-1,197.8125,229,80
-1,201.4375,235,80
-1,204.625,266,48
-1,208.25,1,16
-1,211.5,594,64
-1,214.75,629,56
-1,218,608,32
-1,221.5625,638,40
-1,224.8125,565,56
-1,228.4375,541,48
-1,231.6875,1,16
-1,235.3125,548,48
-1,238.5,543,48
-1,242.125,116,72
-1,245.75,114,72
-1,249,113,72
-1,252.5625,104,48
-1,255.8125,251,48
-1,259.4375,327,32
-1,262.6875,473,56
-1,266.625,494,80
-1,269.875,1,40
-1,273.5,108,80
-1,276.75,108,80
-1,280.3125,111,80
-1,283.5625,108,80
-1,287.1875,109,72
-1,290.4375,95,48
-1,294,95,72
-1,297.25,1,40
-1,300.875,560,40
-1,304.125,599,48
-1,307.6875,318,32
-1,310.625,1,16
-1,314.1875,1,16
-1,317.4375,323,24
-1,321.0625,1,24
-1,324.3125,1,56
-1,327.875,1,16
-1,331.5,71,72
-1,334.75,67,80
-1,338,60,72
-1,341.25,62,80
-1,344.8125,62,80
-1,348.0625,60,80
-1,351.6875,68,80
-1,354.9375,63,80
-1,358.5,62,80
1515627442311,2.5,61,80
-1,6.125,64,80
-1,9.3125,60,80
-1,12.9375,64,80
-1,16.5625,67,72
-1,19.8125,65,72
-1,23.75,59,80
-1,27,68,72
-1,30.25,1,56
-1,33.5,251,56
-1,37.0625,212,40
-1,40.3125,232,40
-1,43.9375,242,80
-1,47.1875,253,64
-1,50.4375,246,72
-1,54,502,48
-1,57.25,403,56
-1,60.5,438,64
-1,63.75,404,72
-1,67.375,393,72
-1,70.625,392,64
-1,74.1875,379,72
-1,77.4375,372,64
-1,81.75,368,64
-1,85,364,80
-1,88.625,333,32
-1,91.875,143,72
-1,95.125,145,56
-1,98.375,360,48
-1,101.9375,372,48
-1,105.1875,369,32
-1,108.8125,367,40
-1,111.6875,1,32
-1,115.3125,195,48
-1,118.5,1,24
-1,122.125,8428,24
-1,125.375,93,88
-1,129,82,80
-1,132.5625,84,80
-1,136.1875,88,88
-1,139.4375,97,88
-1,142.6875,104,88
-1,145.9375,102,48
-1,149.5,632,48
-1,152.75,86,80
-1,156.375,99,56
-1,159.625,414,56
-1,163.1875,1673,16
-1,166.4375,1,16
-1,169.6875,1,40
-1,173.3125,515,64
-1,176.5625,479,64
-1,180.125,492,64
-1,183.375,503,48
-1,187,469,48
-1,190.25,238,80
-1,193.8125,232,80
-1,197.0625,225,88
-1,200.3125,232,80
-1,203.9375,238,80
-1,207.1875,1,24
-1,210.75,601,32
-1,214,612,64
-1,217.625,601,32
-1,221.5625,634,48
-1,224.8125,636,56
-1,228.0625,536,56
-1,231.3125,1,16
-1,234.9375,543,64
-1,238.1875,542,48
-1,241.75,122,72
-1,245.375,115,72
-1,248.625,117,80
-1,252.25,114,72
-1,255.4375,249,40
-1,259.0625,306,40
-1,262.3125,475,56
-1,265.9375,493,64
-1,269.1875,491,32
-1,272.375,110,72
-1,276,104,80
-1,279.25,104,80
-1,282.875,112,80
-1,286.125,109,80
-1,289.6875,105,64
-1,292.9375,110,40
-1,296.5625,1,56
-1,300.125,535,40
-1,303.375,600,48
-1,306.625,312,40
-1,310.25,1,32
-1,313.5,1,16
-1,317.0625,1,40
-1,320.3125,1,32
-1,323.9375,1,56
-1,327.1875,759,40
-1,330.75,66,64
-1,334,65,72
-1,337.25,70,72
-1,340.875,63,80
-1,344.125,64,80
-1,347.6875,69,80
-1,350.9375,64,80
-1,354.5625,59,80
-1,357.8125,67,80
1515627442412,2.125,64,80
-1,5.375,62,72
-1,9,63,80
-1,12.25,65,72
-1,15.8125,68,72
-1,19.0625,65,72
-1,22.6875,68,72
-1,26.25,69,72
-1,29.5,68,56
-1,33.125,246,56
-1,36.375,241,40
-1,40,230,32
-1,43.1875,238,80
-1,46.8125,262,56
-1,50.0625,248,72
-1,53.3125,507,32
-1,56.875,412,40
-1,60.125,442,64
-1,63.75,400,72
-1,67.375,398,80
-1,70.625,385,72
-1,73.8125,372,72
-1,77.8125,372,64
-1,81.0625,373,64
-1,84.3125,368,72
-1,87.5625,360,56
-1,90.75,131,64
-1,94.375,138,64
-1,97.625,368,56
-1,101.25,366,48
-1,104.5,367,32
-1,108.0625,412,32
-1,111.6875,1,24
-1,114.9375,181,56
-1,118.1875,1,32
-1,121.4375,1,24
-1,125,96,88
-1,128.25,80,80
-1,131.875,85,80
-1,135.4375,86,80
-1,138.6875,96,88
-1,142.3125,103,88
-1,145.5625,110,64
-1,148.8125,1,32
-1,152.375,86,80
-1,156,96,64
-1,159.25,422,56
-1,162.5,1,32
-1,165.75,1,16
-1,169,52,56
-1,172.25,520,56
-1,175.4375,459,56
-1,178.6875,485,64
-1,182.3125,476,56
-1,185.5625,463,56
-1,189.1875,245,48
-1,192.375,234,80
-1,196,229,88
-1,199.625,229,80
-1,202.875,237,88
-1,206.125,1,24
-1,209.3125,1,16
-1,212.5625,582,40
-1,216.1875,615,64
-1,219.4375,1,32
-1,223.0625,649,64
-1,226.25,567,48
-1,229.875,543,56
-1,233.125,578,32
-1,236.75,530,72
-1,240,122,56
-1,243.1875,116,72
-1,246.8125,110,80
-1,250.0625,111,72
-1,253.3125,729,64
-1,256.875,261,40
-1,260.125,1,40
-1,263.375,476,64
-1,266.625,493,72
-1,270.25,1,32
-1,273.5,104,72
-1,277.0625,103,80
-1,280.3125,112,80
-1,283.9375,110,72
-1,287.875,114,72
-1,291.125,1,32
-1,294.375,117,32
-1,298,1,24
-1,301.25,573,32
-1,304.5,1,24
-1,307.6875,325,48
-1,311.3125,1,24
-1,314.5625,1,24
-1,317.8125,1,24
-1,321.4375,1,32
-1,324.625,758,64
-1,327.875,1,16
-1,331.5,69,72
-1,334.75,67,72
-1,338,67,72
-1,341.25,59,72
-1,344.8125,64,80
-1,348.0625,60,80
-1,351.6875,62,80
-1,355.3125,61,72
-1,358.5,63,80
1515627442513,2.5,63,80
-1,6.125,60,80
-1,9.3125,66,80
-1,12.9375,61,80
-1,16.1875,60,80
-1,19.8125,67,72
-1,23.0625,69,72
-1,26.625,70,72
-1,29.875,116,32
-1,33.5,280,56
-1,36.75,232,72
-1,40.3125,230,40
-1,43.5625,242,80
-1,47.1875,261,64
-1,50.4375,247,80
-1,53.6875,492,56
-1,56.875,401,48
-1,60.5,440,56
-1,63.75,401,64
-1,67,396,72
-1,70.625,382,72
-1,73.8125,379,72
-1,77.8125,379,72
-1,81.4375,378,64
-1,84.625,372,72
-1,88.625,350,56
-1,92.25,137,72
-1,95.4375,157,48
-1,98.6875,377,56
-1,101.9375,363,56
-1,105.5625,381,32
-1,108.8125,1,24
-1,112.0625,264,48
-1,115.3125,198,56
-1,118.875,1,24
-1,122.125,1,16
-1,125.375,91,88
-1,129,82,80
-1,132.5625,79,80
-1,136.1875,89,88
-1,139.4375,97,88
-1,142.6875,103,88
-1,145.9375,100,48
-1,149.5,1,24
-1,152.75,91,80
-1,156.375,99,56
-1,159.625,440,48
-1,163.1875,1,24
-1,166.4375,1,24
-1,170.0625,34,40
-1,173.3125,502,64
-1,176.875,477,56
-1,180.125,494,56
-1,183.375,499,48
-1,187,452,48
-1,190.25,237,80
-1,193.8125,230,80
-1,197.0625,226,80
-1,200.3125,235,80
-1,203.9375,244,80
-1,207.1875,1,24
-1,210.4375,589,32
-1,214,613,56
-1,217.25,591,40
-1,220.875,628,40
-1,224.5,1,32
-1,227.6875,550,56
-1,231.3125,1,24
-1,234.5625,556,56
-1,238.1875,531,40
-1,241.4375,122,72
-1,245,115,80
-1,248.25,112,80
-1,251.5,105,64
-1,255.125,221,64
-1,258.375,287,48
-1,261.9375,483,48
-1,265.9375,488,72
-1,269.1875,496,48
-1,272.375,103,80
-1,276,105,72
-1,279.25,109,80
-1,282.875,112,80
-1,286.125,110,72
-1,289.6875,102,64
-1,292.9375,1,32
-1,296.5625,1,56
-1,299.8125,559,40
-1,303.0625,545,48
-1,306.625,308,40
-1,309.5,1,40
-1,313.125,1,24
-1,316.375,1,32
-1,320,1,24
-1,323.1875,1,56
-1,326.8125,1,40
-1,330.0625,67,64
-1,333.6875,68,72
-1,336.875,65,72
-1,340.125,62,80
-1,343.375,61,72
-1,347,63,80
-1,350.625,57,80
-1,353.8125,64,72
-1,357.0625,64,72
1515627442615,1.0625,62,80
-1,4.3125,64,80
-1,7.875,61,80
-1,11.125,62,80
-1,14.375,65,72
-1,18,70,72
-1,21.25,67,72
-1,25.1875,67,80
-1,28.4375,75,72
-1,32.0625,229,48
-1,35.3125,255,48
-1,38.875,1,40
-1,42.125,232,72
-1,45.375,256,72
-1,49,264,72
-1,52.25,250,40
-1,55.4375,491,56
-1,59.0625,431,64
-1,62.3125,406,72
-1,65.9375,396,72
-1,69.1875,392,72
-1,73.125,380,72
-1,76.375,376,72
-1,80,361,64
-1,83.1875,370,72
-1,86.8125,366,88
-1,90.4375,140,40
-1,93.6875,137,72
-1,96.875,253,48
-1,100.5,378,40
-1,103.75,379,48
-1,107.375,388,40
-1,110.25,1,40
-1,113.8125,184,80
-1,117.4375,1,16
-1,120.6875,1,16
-1,123.9375,99,88
-1,127.1875,79,80
-1,130.75,81,80
-1,134.75,84,80
-1,138,92,88
-1,141.5625,101,88
-1,144.8125,108,88
-1,148.4375,581,56
-1,151.6875,92,56
-1,155.3125,87,80
-1,158.5,1,48
-1,162.125,50,32
-1,165.375,1,16
-1,168.625,57,64
-1,171.875,531,40
-1,175.125,472,64
-1,178.6875,483,64
-1,181.9375,489,48
-1,185.1875,468,40
-1,188.4375,425,32
-1,191.6875,233,80
-1,195.3125,226,88
-1,198.5,232,80
-1,202.125,236,80
-1,205.375,323,40
-1,208.625,9299,24
-1,212.25,582,64
-1,215.4375,612,72
-1,219.0625,1,32
-1,222.3125,651,32
-1,225.9375,572,40
-1,229.1875,539,64
-1,232.75,1,24
-1,236,530,32
-1,239.625,1,56
-1,243.1875,114,56
-1,246.4375,113,80
-1,249.6875,116,80
-1,252.9375,703,40
-1,256.5625,266,48
-1,259.8125,381,56
-1,263.375,478,56
-1,266.625,499,72
-1,270.25,438,40
-1,273.5,105,72
-1,277.0625,109,80
-1,280.3125,112,80
-1,283.9375,106,72
-1,287.1875,110,72
-1,290.75,92,40
-1,294,1,32
-1,297.625,1,32
-1,300.875,565,40
-1,304.5,1250,32
-1,307.6875,294,32
-1,311.3125,1809,24
-1,314.5625,1,24
-1,318.1875,1,16
-1,321.4375,1,40
-1,325,742,56
-1,328.25,1,16
-1,331.875,59,72
-1,335.125,66,72
-1,338.6875,60,72
-1,341.9375,63,80
-1,345.5625,65,72
-1,348.8125,58,72
-1,352.375,63,72
-1,355.625,63,80
-1,359.25,64,80
1515627442717,3.1875,68,80
-1,6.4375,56,80
-1,9.6875,68,72
-1,13.3125,66,72
-1,16.5625,64,80
-1,20.125,69,72
-1,23.75,67,72
-1,27,63,72
-1,30.25,160,56
-1,33.5,257,48
-1,36.75,216,32
-1,40.3125,221,40
-1,43.5625,245,80
-1,47.1875,263,72
-1,50.4375,252,72
-1,54,493,56
-1,57.25,414,48
-1,60.875,411,64
-1,64.125,406,72
-1,67.6875,391,72
-1,71.6875,380,72
-1,74.9375,380,80
-1,78.5,371,64
-1,81.75,363,72
-1,85.375,367,80
-1,88.625,1,32
-1,92.25,129,72
-1,95.4375,150,40
-1,99.0625,368,56
-1,102.3125,376,48
-1,105.5625,1,48
-1,108.8125,361,40
-1,112.0625,213,56
-1,115.625,193,24
-1,118.875,1,32
-1,122.5,1,40
-1,125.75,91,88
-1,129.3125,80,80
-1,132.9375,79,88
-1,136.5625,87,80
-1,139.8125,92,88
-1,143.0625,100,88
-1,146.625,107,48
-1,149.875,1,16
-1,153.125,90,80
-1,156.75,87,48
-1,160,461,56
-1,163.5625,1,24
-1,166.8125,1,24
-1,170.4375,520,48
-1,173.6875,497,64
-1,176.875,478,64
-1,179.8125,484,64
-1,183.375,508,48
-1,186.625,457,64
-1,190.25,238,80
-1,193.5,228,88
-1,197.0625,227,88
-1,200.6875,230,88
-1,203.9375,238,80
-1,207.5625,1,32
-1,210.75,1,40
-1,214.375,612,64
-1,217.625,588,64
-1,221.25,639,40
-1,224.5,1,24
-1,228.0625,536,48
-1,231.3125,1,16
-1,234.9375,551,72
-1,238.1875,527,48
-1,241.75,117,64
-1,245,107,72
-1,248.625,112,80
-1,251.875,116,64
-1,255.4375,1,56
-1,258.6875,287,40
-1,262.3125,485,48
-1,265.9375,485,72
-1,269.5,495,32
-1,272.75,108,80
-1,276.375,104,72
-1,279.625,104,80
-1,283.1875,112,80
-1,286.4375,105,72
-1,290.0625,103,64
-1,293.3125,105,40
-1,296.875,1,48
-1,300.125,548,40
-1,303.375,567,40
-1,306.625,315,40
-1,309.875,1,48
-1,313.125,1,24
-1,316.75,347,48
-1,320,732,32
-1,323.1875,727,48
-1,326.4375,1,32
-1,329.6875,67,64
-1,333.3125,68,80
-1,336.5625,60,72
-1,340.125,62,80
-1,343.375,67,80
-1,347,65,80
-1,350.25,58,80
-1,353.8125,59,80
-1,357.0625,65,80
1515627442809,1.4375,60,80
-1,4.625,64,80
-1,8.25,59,80
-1,11.5,67,72
-1,14.75,61,72
-1,18.375,66,72
-1,21.5625,68,72
-1,25.5625,65,80
-1,28.8125,72,80
-1,32.0625,237,48
-1,35.625,262,56
-1,38.875,255,56
-1,42.125,229,80
-1,45.375,268,72
-1,49,263,72
-1,52.25,249,64
-1,55.4375,483,48
-1,59.0625,435,56
-1,62.3125,406,72
-1,65.9375,400,72
-1,69.875,392,72
-1,73.125,378,72
-1,76.375,379,72
-1,80,378,72
-1,83.1875,364,64
-1,86.4375,361,80
-1,90.0625,1,56
-1,93.3125,133,72
-1,96.5625,164,32
-1,100.125,376,56
-1,103.375,368,40
-1,107,1,32
-1,109.875,1,32
-1,113.125,182,80
-1,116.75,1,24
-1,120,1,24
-1,123.1875,96,48
-1,126.8125,87,80
-1,130.0625,78,88
-1,134,82,80
-1,137.25,85,88
-1,140.5,95,88
-1,143.75,104,88
-1,147,588,40
-1,150.625,1,32
-1,153.8125,87,80
-1,157.4375,1,40
-1,160.6875,35,40
-1,164.3125,438,32
-1,167.5625,1,32
-1,171.125,515,32
-1,174.375,484,56
-1,177.625,498,64
-1,181.25,487,56
-1,184.5,474,40
-1,188.0625,460,48
-1,191.3125,234,80
-1,194.9375,227,88
-1,198.1875,230,88
-1,201.4375,232,80
-1,204.625,273,32
-1,207.875,1,16
-1,211.5,568,40
-1,214.75,625,72
-1,218,600,48
-1,221.9375,652,48
-1,225.1875,575,32
-1,228.4375,542,64
-1,232.0625,1,24
-1,235.3125,549,48
-1,238.875,533,40
-1,242.125,117,72
-1,245.75,110,72
-1,249,108,80
-1,252.25,117,48
-1,255.4375,262,40
-1,259.0625,296,40
-1,262.3125,479,56
-1,265.9375,486,72
-1,269.5,496,40
-1,272.75,111,80
-1,276,109,80
-1,279.25,107,88
-1,282.875,110,80
-1,286.125,107,72
-1,289.6875,106,64
-1,292.9375,1,40
-1,296.5625,1,48
-1,299.8125,543,40
-1,303.375,546,48
-1,306.625,311,40
-1,310.25,1,32
-1,313.5,1,24
-1,316.75,1,40
-1,320,1,24
-1,323.5625,752,56
-1,326.8125,777,32
-1,330.4375,67,56
-1,334,66,80
-1,337.625,65,80
-1,340.875,67,72
-1,344.125,64,80
-1,347.6875,64,72
-1,351.3125,67,80
-1,354.5625,60,80
-1,358.1875,59,72
1515627442911,2.125,62,80
-1,5.75,57,80
-1,9,65,80
-1,12.5625,63,80
-1,15.8125,60,80
-1,19.4375,64,72
-1,23.0625,66,80
-1,26.25,71,72
-1,29.5,78,48
-1,33.125,249,64
-1,36.375,250,40
-1,39.625,228,56
-1,42.875,244,80
-1,46.4375,263,64
-1,49.6875,266,72
-1,53.3125,1,24
-1,56.5625,422,48
-1,60.125,433,64
-1,63.375,405,72
-1,67.6875,396,72
-1,70.9375,393,72
-1,74.1875,384,64
-1,77.4375,378,72
-1,81.0625,372,72
-1,84.3125,366,72
-1,87.875,355,48
-1,91.125,136,64
-1,94.75,139,64
-1,98,368,40
-1,101.5625,372,48
-1,104.8125,396,40
-1,108.4375,398,40
-1,112.0625,1,32
-1,115.3125,200,40
-1,118.875,1,32
-1,122.125,1,24
-1,125.75,95,88
-1,129,81,80
-1,132.9375,84,80
-1,136.5625,84,80
-1,139.8125,94,88
-1,143.375,101,88
-1,146.625,106,48
-1,150.25,1,24
-1,153.5,87,88
-1,157.0625,1,48
-1,160.3125,1,40
-1,163.5625,1,24
-1,166.8125,1,16
-1,170.0625,503,40
-1,173.3125,506,64
-1,176.5625,471,56
-1,179.4375,479,64
-1,183.0625,483,40
-1,186.25,469,48
-1,189.875,236,72
-1,193.125,232,80
-1,196.75,225,88
-1,200.3125,230,80
-1,203.5625,240,80
-1,206.8125,1,24
-1,210.4375,554,56
-1,213.6875,604,48
-1,217.25,591,32
-1,220.875,671,64
-1,224.125,1,32
-1,227.375,535,56
-1,230.625,1,24
-1,234.1875,534,64
-1,237.4375,532,40
-1,241.0625,119,64
-1,244.625,116,72
-1,247.875,113,80
-1,251.125,108,72
-1,254.375,195,32
-1,258,270,48
-1,261.25,471,48
-1,265.1875,470,80
-1,268.4375,498,56
-1,272.0625,104,56
-1,275.3125,106,80
-1,278.5,103,80
-1,282.125,110,80
-1,285.375,108,80
-1,289,114,72
-1,292.5625,1,40
-1,295.8125,99,56
-1,299.4375,534,48
-1,302.6875,558,56
-1,306.25,325,40
-1,309.5,329,48
-1,312.75,1,40
-1,316,371,56
-1,319.625,1,40
-1,322.875,738,48
-1,326.4375,1,40
-1,329.6875,65,56
-1,332.9375,64,80
-1,336.5625,64,80
-1,339.8125,61,80
-1,343.0625,64,80
-1,346.625,60,80
-1,349.875,62,80
-1,353.125,60,80
-1,356.375,63,80
1515627443013,0.6875,63,80
-1,3.9375,59,72
-1,7.5625,64,80
-1,10.75,60,80
-1,14.375,62,80
-1,17.625,67,80
-1,21.25,64,72
-1,25.1875,64,80
-1,28.4375,70,72
-1,31.6875,235,48
-1,35.3125,233,40
-1,38.5,228,64
-1,41.75,225,72
-1,45.375,260,72
-1,48.625,265,80
-1,52.25,244,72
-1,55.4375,496,40
-1,59.0625,441,56
-1,63.0625,409,72
-1,66.25,400,72
-1,69.875,384,72
-1,73.125,384,72
-1,76.375,381,72
-1,80,372,72
-1,83.1875,370,72
-1,86.8125,367,80
-1,90.0625,140,40
-1,93.6875,136,72
-1,96.875,231,48
-1,100.5,394,56
-1,103.75,387,40
-1,107.375,388,48
-1,110.25,1,32
-1,113.8125,183,88
-1,117.0625,1,32
-1,120.3125,1,24
-1,123.9375,102,64
-1,127.1875,88,80
-1,130.75,83,80
-1,134.375,83,80
-1,138,90,88
-1,141.25,98,88
-1,144.8125,105,96
-1,148.0625,615,56
-1,151.6875,84,48
-1,155.3125,75,56
-1,158.5,1,24
-1,161.75,1,40
-1,165,1,24
-1,168.25,1,40
-1,171.5,1,32
-1,174.75,481,56
-1,178.375,496,56
-1,181.5625,474,56
-1,185.1875,470,48
-1,188.4375,419,24
-1,191.6875,232,80
-1,194.9375,228,88
-1,198.1875,227,88
-1,201.4375,233,80
-1,205,263,32
-1,208.25,1,16
-1,211.5,591,72
-1,215.125,614,64
-1,218.375,1,24
-1,222.3125,640,40
-1,225.5625,582,64
-1,228.8125,528,40
-1,232.375,1,24
-1,235.625,542,48
-1,239.25,546,56
-1,242.5,123,72
-1,246.125,117,80
-1,249.3125,115,80
-1,252.5625,109,48
-1,256.1875,272,40
-1,259.4375,329,40
-1,263.0625,484,56
-1,266.25,493,72
-1,269.875,466,48
-1,273.125,111,72
-1,276.75,107,80
-1,280,109,80
-1,283.5625,115,72
-1,286.8125,111,72
-1,290.4375,105,48
-1,293.6875,113,40
-1,296.875,1,24
-1,300.5,555,40
-1,303.75,564,48
-1,307.375,323,32
-1,310.9375,1,16
-1,314.1875,1,24
-1,317.8125,1,32
-1,321.0625,711,40
-1,324.625,1,48
-1,327.875,1,16
-1,331.5,67,80
-1,334.75,67,80
-1,338,66,72
-1,341.5625,67,72
-1,344.8125,62,72
-1,348.4375,64,80
-1,351.6875,63,80
-1,355.3125,63,80
-1,358.875,61,80
1515627443114,2.875,60,80
-1,6.125,58,80
-1,9.3125,66,80
-1,12.5625,64,80
-1,15.8125,63,72
-1,19.0625,66,72
-1,22.6875,64,72
-1,26.25,71,72
-1,29.5,82,64
-1,33.125,249,56
-1,36.375,236,64
-1,40,217,72
-1,43.1875,237,80
-1,46.8125,272,72
-1,50.0625,258,72
-1,53.6875,485,40
-1,56.875,405,64
-1,60.875,435,64
-1,64.5,397,80
-1,67.6875,394,72
-1,71.3125,376,72
-1,74.5625,379,72
-1,78.1875,373,80
-1,81.4375,364,64
-1,85,369,72
-1,89,354,48
-1,92.25,128,64
-1,95.4375,138,56
-1,98.6875,369,56
-1,101.9375,381,48
-1,105.1875,1,56
-1,108.8125,388,32
-1,112.0625,1,32
-1,115.3125,182,32
-1,118.5,1,24
-1,122.125,1,24
-1,125.375,99,88
-1,128.625,82,72
-1,132.5625,79,80
-1,136.1875,81,80
-1,139.4375,94,88
-1,142.6875,99,88
-1,145.9375,111,88
-1,149.1875,510,40
-1,152.75,87,72
-1,156.375,71,32
-1,159.625,494,48
-1,162.875,1,32
-1,166.125,1,16
-1,169.3125,50,56
-1,172.5625,517,64
-1,175.8125,469,56
-1,179.0625,484,48
-1,182.3125,481,40
-1,185.5625,468,56
-1,188.8125,265,48
-1,192.375,229,88
-1,195.625,229,88
-1,199.25,230,80
-1,202.5,237,88
-1,206.125,1,24
-1,209.3125,1,16
-1,212.5625,583,40
-1,215.8125,610,56
-1,219.0625,1,24
-1,223.0625,1,32
-1,226.25,549,40
-1,229.875,554,56
-1,233.125,1,24
-1,236.75,534,40
-1,240,109,48
-1,243.5625,116,80
-1,246.8125,112,72
-1,250.4375,114,72
-1,253.6875,708,56
-1,257.25,279,32
-1,260.5,443,56
-1,264.125,480,64
-1,267.375,497,72
-1,270.9375,154,72
-1,274.1875,110,80
-1,277.8125,107,80
-1,281.0625,112,88
-1,284.625,112,80
-1,287.875,111,72
-1,291.5,520,32
-1,294.75,1,64
-1,298,534,64
-1,301.5625,559,32
-1,304.8125,1,24
-1,308.4375,1,40
-1,312.0625,587,56
-1,315.3125,1,48
-1,318.875,1,24
-1,322.125,1,32
-1,325.75,1,40
-1,329,1,24
-1,332.5625,67,72
-1,335.8125,70,72
-1,339.0625,65,72
-1,342.6875,66,80
-1,345.9375,64,72
-1,349.5,63,80
-1,352.75,66,72
-1,356,63,80
-1,359.625,62,80
1515627443215,3.5625,61,72
-1,6.8125,62,80
-1,10.4375,65,80
-1,13.6875,66,72
-1,17.25,61,72
-1,20.5,66,72
-1,24.125,71,72
-1,27.375,68,72
-1,30.9375,215,56
-1,34.1875,255,64
-1,37.8125,229,48
-1,41.0625,226,56
-1,44.625,254,80
-1,48.25,267,80
-1,51.875,248,72
-1,55.125,490,56
-1,59.0625,428,56
-1,62.3125,404,72
-1,65.5625,398,80
-1,69.1875,389,72
-1,72.375,383,72
-1,76,378,80
-1,79.25,373,72
-1,82.5,368,72
-1,86.125,366,80
-1,89.3125,180,56
-1,92.9375,133,72
-1,96.1875,163,32
-1,99.8125,381,56
-1,103.0625,378,48
-1,106.625,1,40
-1,109.875,1,48
-1,113.125,179,64
-1,116.375,4959,24
-1,119.625,1,24
-1,123.1875,123,40
-1,126.4375,90,80
-1,130.0625,82,80
-1,134,82,80
-1,137.25,87,88
-1,140.5,93,88
-1,143.75,105,88
-1,147.375,610,64
-1,150.625,1,24
-1,154.1875,88,80
-1,157.4375,3242,16
-1,161.0625,48,64
-1,164.3125,1,32
-1,167.5625,1,48
-1,171.125,505,40
-1,174.375,488,64
-1,178,489,64
-1,181.25,482,48
-1,184.5,488,40
-1,188.0625,477,48
-1,191.3125,231,88
-1,194.9375,229,88
-1,198.1875,231,80
-1,201.75,235,88
-1,205,277,32
-1,208.25,1,24
-1,211.875,575,40
-1,215.125,621,64
-1,218.6875,1,24
-1,221.9375,634,48
-1,225.5625,1,48
-1,228.8125,543,56
-1,232.375,1,24
-1,235.625,539,40
-1,238.875,556,48
-1,242.5,123,72
-1,246.125,114,80
-1,249.3125,108,80
-1,252.9375,1,40
-1,256.1875,264,40
-1,259.4375,357,56
-1,262.6875,481,56
-1,266.625,490,72
-1,270.25,1,40
-1,273.5,111,72
-1,277.0625,112,80
-1,280.3125,110,80
-1,283.9375,115,80
-1,287.1875,116,72
-1,290.75,1,40
-1,294,1,64
-1,297.625,1,32
-1,300.875,551,40
-1,304.5,556,40
-1,307.6875,341,32
-1,310.9375,1,24
-1,314.1875,1,24
-1,317.8125,1,32
-1,321.0625,733,40
-1,324.625,1,64
-1,327.875,1,24
-1,331.5,66,72
-1,334.75,66,72
-1,338,64,72
-1,341.5625,66,80
-1,344.8125,66,72
-1,348.4375,64,72
-1,351.6875,62,80
-1,355.3125,64,80
-1,358.875,59,80
1515627443317,2.875,63,80
-1,6.125,62,72
-1,9.3125,57,72
-1,12.9375,61,80
-1,16.1875,65,80
-1,19.8125,64,72
-1,23.0625,69,80
-1,26.625,68,72
-1,29.875,112,32
-1,33.5,255,56
-1,36.75,222,56
-1,40.3125,198,40
-1,43.5625,246,80
-1,47.5625,269,64
-1,50.75,254,72
-1,55.125,495,48
-1,58.375,422,56
-1,61.9375,406,72
-1,65.1875,397,72
-1,68.8125,390,72
-1,72.0625,388,72
-1,75.3125,376,80
-1,78.5,366,72
-1,81.75,369,72
-1,85.375,368,72
-1,89,329,56
-1,92.25,131,72
-1,95.4375,169,40
-1,98.6875,377,48
-1,102.3125,374,48
-1,105.5625,375,64
-1,108.8125,444,40
-1,111.6875,1,32
-1,115.3125,200,40
-1,118.5,1,24
-1,122.125,1,24
-1,125.375,94,88
-1,129,80,80
-1,132.9375,83,88
-1,136.1875,84,80
-1,139.4375,92,88
-1,142.6875,98,88
-1,146.25,111,88
-1,149.5,460,32
-1,153.125,88,80
-1,156.75,1,48
-1,160,490,32
-1,163.5625,1,32
-1,166.8125,1257,24
-1,170.0625,505,48
-1,173.3125,508,72
-1,176.5625,480,64
-1,180.125,480,64
-1,183.375,506,48
-1,187,456,64
-1,190.25,239,80
-1,193.5,229,88
-1,197.0625,232,88
-1,200.3125,234,88
-1,203.5625,238,80
-1,206.8125,303,24
-1,210.4375,556,48
-1,213.6875,598,56
-1,217.25,611,40
-1,221.25,636,40
-1,224.5,661,56
-1,227.6875,542,56
-1,231.3125,1,24
-1,234.5625,575,48
-1,238.1875,545,48
-1,241.4375,117,72
-1,245,108,72
-1,248.25,114,80
-1,251.5,111,72
-1,254.75,1,40
-1,258.375,291,40
-1,261.5625,465,56
-1,265.1875,479,72
-1,268.4375,509,64
-1,271.6875,114,56
-1,274.9375,109,80
-1,278.1875,109,88
-1,281.75,111,80
-1,285,108,80
-1,288.625,106,72
-1,292.25,1,32
-1,295.4375,551,64
-1,298.6875,541,48
-1,302.3125,561,72
-1,305.5625,309,64
-1,309.1875,351,56
-1,312.75,627,40
-1,316,1,48
-1,319.25,1,24
-1,322.875,1,48
-1,326.125,1,48
-1,329.6875,74,72
-1,333.3125,70,80
-1,336.5625,67,80
-1,339.8125,68,72
-1,343.0625,65,80
-1,346.625,60,72
-1,349.875,65,80
-1,353.125,67,80
-1,356.75,60,80
1515627443418,0.6875,63,80
-1,4.3125,62,80
-1,7.875,64,72
-1,11.125,64,80
-1,14.375,60,80
-1,18,64,72
-1,21.25,67,72
-1,24.8125,68,72
-1,28.0625,67,72
-1,31.3125,243,48
-1,34.5625,259,56
-1,37.8125,1,48
-1,41.4375,223,56
-1,44.625,247,72
-1,48.25,267,80
-1,52.25,252,64
-1,55.4375,489,40
-1,59.0625,442,56
-1,62.3125,410,72
-1,65.9375,397,72
-1,69.1875,394,72
-1,72.375,387,72
-1,76,374,72
-1,79.25,373,72
-1,82.875,361,72
-1,86.125,372,72
-1,89.6875,164,64
-1,93.3125,136,80
-1,96.5625,167,32
-1,100.125,378,48
-1,103.375,380,40
-1,107,1,40
-1,110.25,1,32
-1,113.8125,180,80
-1,117.0625,1,32
-1,120.3125,1,32
-1,123.9375,102,40
-1,127.1875,90,88
-1,130.75,81,80
-1,134.75,79,80
-1,138,90,88
-1,141.5625,96,88
-1,144.8125,109,88
-1,148.4375,580,56
-1,151.6875,79,48
-1,155.3125,87,72
-1,158.5,1,24
-1,161.75,42,56
-1,165,1,24
-1,168.25,53,40
-1,171.5,27,32
-1,174.75,484,64
-1,177.625,494,64
-1,181.25,484,64
-1,184.5,488,48
-1,187.6875,451,40
-1,190.9375,237,88
-1,194.1875,230,88
-1,197.8125,231,88
-1,201.0625,235,80
-1,204.625,246,56
-1,207.875,1,16
-1,211.125,1,48
-1,214.75,623,56
-1,218,1,56
-1,221.5625,669,48
-1,224.8125,587,64
-1,228.4375,537,56
-1,231.6875,1,16
-1,235.3125,546,40
-1,238.5,541,40
-1,241.75,119,72
-1,245,109,72
-1,248.625,106,80
-1,251.875,114,64
-1,255.4375,223,64
-1,258.6875,306,40
-1,262.3125,473,64
-1,266.25,494,72
-1,269.5,478,32
-1,272.75,105,72
-1,276,110,80
-1,279.25,107,80
-1,282.875,114,80
-1,286.125,110,80
-1,289.6875,109,72
-1,293.3125,1,64
-1,296.5625,566,48
-1,299.8125,555,48
-1,303.0625,567,40
-1,306.25,309,40
-1,309.5,1,40
-1,312.75,1,24
-1,316,352,64
-1,319.625,710,48
-1,322.875,1,40
-1,326.4375,1,32
-1,329.6875,68,48
-1,333.3125,63,80
-1,336.5625,68,72
-1,340.125,65,80
-1,343.375,65,80
-1,347,66,80
-1,350.25,61,80
-1,353.8125,63,80
-1,357.0625,63,80
1515627443522,1.4375,61,80
-1,4.625,64,80
-1,7.875,63,80
-1,11.5,63,80
-1,14.75,64,80
-1,18.375,65,72
-1,21.5625,60,72
-1,24.8125,69,72
-1,28.4375,71,80
-1,31.6875,240,48
-1,35.3125,223,48
-1,38.5,245,64
-1,42.125,240,72
-1,45.75,260,72
-1,49.6875,264,80
-1,53.3125,468,40
-1,56.5625,415,48
-1,60.125,454,56
-1,63.375,401,72
-1,66.625,397,72
-1,69.875,385,64
-1,73.125,375,72
-1,76.75,378,72
-1,80,371,72
-1,83.1875,368,80
-1,86.8125,363,88
-1,90.75,135,48
-1,94,130,72
-1,97.625,320,48
-1,100.875,378,48
-1,104.5,390,40
-1,107.6875,386,40
-1,110.9375,1,32
-1,114.1875,182,64
-1,117.8125,1,24
-1,121.0625,1,24
-1,124.625,93,80
-1,127.875,79,80
-1,131.5,78,80
-1,135.125,81,80
-1,138.6875,93,88
-1,142.3125,96,88
-1,145.5625,104,88
-1,148.8125,469,40
-1,152.0625,86,72
-1,155.625,88,80
-1,158.875,1,24
-1,162.125,1,56
-1,165.375,1,24
-1,169,49,56
-1,172.25,519,48
-1,175.4375,459,56
-1,178.6875,488,64
-1,181.9375,476,48
-1,185.5625,485,40
-1,188.8125,308,72
-1,192.375,230,80
-1,195.625,229,88
-1,198.875,231,80
-1,202.125,233,80
-1,205.75,1,24
-1,209.3125,1,16
-1,212.5625,611,40
-1,215.8125,610,64
-1,219.0625,1,24
-1,222.6875,646,48
-1,226.25,553,48
-1,229.5,530,56
-1,233.125,1,32
-1,236.375,534,48
-1,240,1,40
-1,243.5625,118,72
-1,246.8125,111,80
-1,250.0625,118,80
-1,253.6875,707,64
-1,256.875,271,48
-1,260.5,458,48
-1,263.75,491,72
-1,267.375,495,64
-1,270.625,169,64
-1,274.1875,105,80
-1,277.4375,106,80
-1,281.0625,109,80
-1,284.3125,109,80
-1,287.5625,119,72
-1,291.125,1,32
-1,294.375,1,32
-1,297.625,515,48
-1,301.25,568,32
-1,304.5,3264,32
-1,308.0625,1,48
-1,311.3125,1,32
-1,314.9375,1,32
-1,318.1875,1,16
-1,321.75,1,32
-1,325,1,64
-1,328.625,1,24
-1,332.25,63,72
-1,335.8125,66,80
-1,339.0625,63,72
-1,342.3125,62,80
-1,345.9375,64,80
-1,349.5,62,80
-1,352.75,63,80
-1,356,64,80
-1,359.25,63,80
1515627443622,3.5625,63,80
-1,6.8125,60,80
-1,10.0625,64,80
-1,13.3125,63,80
-1,16.5625,67,72
-1,20.125,67,72
-1,23.75,64,72
-1,27,73,72
-1,30.25,136,48
-1,33.5,257,56
-1,36.75,170,48
-1,40.3125,211,72
-1,43.5625,246,72
-1,47.5625,266,72
-1,51.125,250,64
-1,54.375,500,56
-1,58,420,48
-1,61.25,405,64
-1,64.8125,401,80
-1,68.4375,384,72
-1,71.6875,379,72
-1,75.3125,374,72
-1,78.5,373,72
-1,82.125,373,72
-1,85.375,364,72
-1,89,1,48
-1,92.5625,132,72
-1,95.8125,147,48
-1,99.0625,381,56
-1,102.3125,392,48
-1,105.9375,383,56
-1,109.1875,395,48
-1,112.375,200,80
-1,116,1,24
-1,119.25,1,24
-1,122.5,1,24
-1,125.75,91,88
-1,129,79,80
-1,132.9375,80,80
-1,136.5625,88,88
-1,139.8125,94,88
-1,143.375,103,88
-1,146.625,90,48
-1,150.25,482,32
-1,153.5,94,80
-1,157.4375,89,32
-1,160.6875,29,72
-1,164.3125,1,32
-1,167.5625,1,32
-1,171.125,506,48
-1,174.375,493,64
-1,177.25,502,72
-1,180.875,494,64
-1,184.125,480,40
-1,187.6875,480,64
-1,190.9375,235,80
-1,194.5625,229,88
-1,197.8125,231,88
-1,201.4375,233,88
-1,204.625,255,40
-1,208.25,1,16
-1,211.875,591,56
-1,215.125,624,56
-1,218.6875,1,24
-1,221.9375,646,48
-1,225.5625,573,40
-1,228.8125,547,48
-1,232.375,2002,24
-1,235.625,538,40
-1,239.25,1,40
-1,242.5,124,72
-1,245.75,111,80
-1,249.3125,109,72
-1,252.5625,108,48
-1,255.8125,233,32
-1,259.4375,348,64
-1,262.6875,491,56
-1,266.25,492,80
-1,269.5,1,40
-1,272.75,114,80
-1,276.375,108,80
-1,279.625,103,80
-1,283.1875,112,80
-1,287.1875,112,72
-1,290.4375,104,56
-1,293.6875,1,32
-1,296.875,1,56
-1,300.125,543,32
-1,303.375,595,40
-1,307,323,40
-1,310.25,1,40
-1,313.8125,1367,24
-1,317.0625,1,48
-1,320.6875,1,32
-1,323.9375,1,56
-1,327.1875,1,24
-1,330.75,61,72
-1,334,62,72
-1,337.625,63,72
-1,340.875,63,80
-1,344.5,61,80
-1,347.6875,63,80
-1,351.3125,62,80
-1,354.9375,63,80
-1,358.1875,62,80
1515627443724,2.5,64,80
-1,5.75,58,80
-1,9.3125,60,80
-1,12.5625,62,72
-1,16.1875,63,72
-1,19.4375,69,72
-1,23.0625,63,80
-1,26.25,68,72
-1,29.875,92,32
-1,33.125,254,56
-1,36.75,231,40
-1,40,234,56
-1,44.3125,243,80
-1,47.5625,260,80
-1,51.125,247,72
-1,54.375,499,48
-1,57.625,419,48
-1,61.25,417,72
-1,64.5,401,72
-1,68.0625,398,80
-1,71.3125,380,80
-1,74.5625,379,80
-1,77.8125,378,72
-1,81.4375,373,64
-1,84.625,363,72
-1,88.25,357,40
-1,91.875,127,64
-1,95.125,160,48
-1,98.6875,375,56
-1,101.9375,380,48
-1,105.5625,369,56
-1,108.8125,334,56
-1,112.375,199,80
-1,115.625,1,24
-1,118.875,1180,24
-1,122.5,1,32
-1,125.75,91,88
-1,129,81,80
-1,132.5625,83,88
-1,135.8125,87,88
-1,139.0625,94,88
-1,142.6875,103,88
-1,145.9375,110,80
-1,149.5,477,48
-1,152.75,84,80
-1,156.75,83,64
-1,160,506,56
-1,163.1875,1,32
-1,166.4375,1,16
-1,170.0625,32,40
-1,173.3125,502,64
-1,176.875,479,64
-1,180.125,484,56
-1,183.375,502,48
-1,187,468,56
-1,190.25,238,88
-1,193.8125,229,88
-1,197.0625,232,88
-1,200.6875,231,80
-1,203.9375,237,80
-1,207.5625,1,16
-1,211.125,593,40
-1,214.375,607,56
-1,218,1,56
-1,221.25,642,40
-1,224.8125,620,64
-1,228.0625,532,48
-1,231.6875,1,24
-1,234.9375,533,40
-1,238.5,535,48
-1,241.75,115,64
-1,245.375,113,72
-1,248.625,115,72
-1,251.875,113,56
-1,255.125,246,40
-1,258.375,285,48
-1,261.5625,477,56
-1,265.5625,484,72
-1,268.8125,496,64
-1,272.375,108,64
-1,275.625,107,80
-1,279.25,109,80
-1,282.5,113,80
-1,286.125,116,80
-1,289.6875,110,72
-1,292.9375,112,32
-1,296.5625,1,56
-1,299.8125,555,40
-1,303.0625,583,64
-1,306.625,316,40
-1,309.5,1,32
-1,313.125,1,40
-1,316.375,1,48
-1,320,1,24
-1,323.1875,769,40
-1,326.8125,1,32
-1,330.4375,68,72
-1,333.6875,66,72
-1,336.875,65,72
-1,340.5,66,72
-1,343.75,63,80
-1,347.375,59,72
-1,350.9375,55,80
-1,354.1875,59,80
-1,357.4375,64,80
1515627443824,1.75,62,80
-1,5,61,80
-1,8.25,59,80
-1,11.5,63,80
-1,14.75,66,80
-1,18,63,80
-1,21.5625,61,80
-1,25.5625,68,72
-1,28.8125,66,72
-1,32.375,238,56
-1,35.625,238,32
-1,39.25,216,72
-1,43.1875,237,72
-1,46.4375,254,64
-1,49.6875,254,80
-1,53.3125,504,48
-1,56.5625,419,48
-1,60.125,442,48
-1,63.375,398,72
-1,67.375,393,72
-1,70.9375,382,72
-1,74.1875,378,64
-1,77.8125,380,72
-1,81.0625,367,72
-1,84.625,368,80
-1,87.875,349,48
-1,91.5,132,56
-1,94.75,145,64
-1,98,382,32
-1,101.25,378,40
-1,104.5,388,40
-1,108.0625,1,32
-1,110.9375,1,32
-1,114.5625,184,64
-1,117.8125,1,16
-1,121.4375,1,16
-1,124.625,96,88
-1,128.25,85,72
-1,131.5,81,88
-1,135.125,83,80
-1,138.6875,91,88
-1,142.3125,98,88
-1,145.5625,110,88
-1,149.1875,487,48
-1,152.375,72,72
-1,156,87,72
-1,159.25,1,32
-1,162.5,1,24
-1,165.75,1,24
-1,169,51,64
-1,172.5625,523,40
-1,175.8125,471,40
-1,179.0625,470,56
-1,182.6875,502,48
-1,186.25,455,56
-1,189.5,244,64
-1,192.75,232,80
-1,196.375,227,88
-1,199.625,231,80
-1,203.1875,234,80
-1,206.4375,1,24
-1,210.0625,602,32
-1,213.3125,589,40
-1,216.5625,592,48
-1,219.8125,1,32
-1,223.375,655,40
-1,226.625,555,40
-1,230.25,546,48
-1,233.5,547,48
-1,237.0625,541,40
-1,240.3125,113,64
-1,243.9375,112,72
-1,247.1875,111,80
-1,250.75,111,72
-1,254,1,48
-1,257.625,272,40
-1,260.875,461,40
-1,264.5,483,72
-1,268.0625,499,72
-1,271.6875,123,48
-1,274.9375,104,80
-1,278.5,108,80
-1,281.75,116,80
-1,285.375,106,80
-1,289,111,64
-1,292.25,104,40
-1,295.8125,1,56
-1,299.0625,558,40
-1,302.6875,566,64
-1,305.9375,333,32
-1,309.5,1,40
-1,312.75,1,24
-1,316.375,342,64
-1,319.625,717,56
-1,323.1875,1,40
-1,326.4375,1,32
-1,330.0625,63,48
-1,333.6875,66,72
-1,336.875,65,72
-1,340.5,67,80
-1,343.75,63,80
-1,347.375,57,72
-1,350.625,63,80
-1,354.1875,66,80
-1,357.8125,63,80
1515627443918,1.75,60,72
-1,5,61,80
-1,8.625,57,80
-1,11.875,64,80
-1,15.4375,61,80
-1,18.6875,65,72
-1,22.3125,66,72
-1,25.5625,68,72
-1,29.1875,67,64
-1,32.375,243,56
-1,36,259,56
-1,40,1,56
-1,43.1875,247,80
-1,46.4375,270,64
-1,50.0625,258,72
-1,53.3125,481,48
-1,56.875,402,48
-1,60.125,443,56
-1,63.75,406,72
-1,67.375,400,80
-1,70.625,387,80
-1,74.1875,381,72
-1,77.4375,371,72
-1,80.6875,367,64
-1,83.9375,363,72
-1,87.1875,358,64
-1,90.75,149,56
-1,94,135,64
-1,97.625,338,40
-1,100.875,371,56
-1,104.5,385,56
-1,107.6875,452,40
-1,111.3125,360,48
-1,114.5625,188,64
-1,118.1875,1,16
-1,121.4375,1,24
-1,125,96,88
-1,128.25,83,80
-1,131.875,83,80
-1,135.4375,84,88
-1,139.0625,94,88
-1,142.3125,98,88
-1,145.9375,112,88
-1,149.1875,493,56
-1,152.375,77,64
-1,156,79,72
-1,159.25,1,16
-1,162.5,1,32
-1,165.75,1,16
-1,169.3125,54,64
-1,172.5625,516,56
-1,175.8125,461,56
-1,178.6875,482,56
-1,182.3125,470,40
-1,185.5625,472,40
-1,188.8125,265,40
-1,192.375,234,80
-1,195.625,225,88
-1,199.25,233,88
-1,202.5,236,80
-1,206.125,1,32
-1,209.3125,1,16
-1,212.9375,581,48
-1,216.1875,607,56
-1,219.8125,594,40
-1,223.375,638,32
-1,226.625,549,48
-1,230.25,553,40
-1,233.5,1,40
-1,237.0625,529,40
-1,240.3125,111,64
-1,243.9375,109,72
-1,247.5625,113,80
-1,250.75,116,72
-1,254,1,56
-1,257.625,294,40
-1,260.875,458,72
-1,264.8125,478,64
-1,268.4375,501,72
-1,271.6875,114,56
-1,274.9375,108,80
-1,278.1875,108,72
-1,281.75,109,88
-1,285,105,72
-1,288.625,112,72
-1,291.875,529,64
-1,295.125,1,64
-1,298.375,535,32
-1,301.5625,548,32
-1,305.1875,1,16
-1,308.4375,1,32
-1,311.6875,1,32
-1,314.9375,1,24
-1,318.5,1,24
-1,321.75,1,40
-1,325.375,1,56
-1,328.625,1,24
-1,332.25,70,80
-1,335.4375,70,72
-1,338.6875,68,80
-1,342.3125,66,80
-1,345.5625,64,80
-1,349.1875,63,80
-1,352.375,68,80
-1,356,65,80
-1,359.25,65,80
1515627444023,3.5625,61,80
-1,6.8125,61,80
-1,10.4375,64,80
-1,13.6875,64,72
-1,17.25,67,80
-1,20.5,71,72
-1,23.75,69,80
-1,27.375,76,72
-1,30.9375,222,64
-1,34.9375,255,56
-1,38.1875,223,56
-1,41.4375,225,64
-1,45,262,80
-1,48.625,268,80
-1,51.875,256,40
-1,55.4375,493,48
-1,58.6875,435,48
-1,62.3125,405,72
-1,65.5625,403,72
-1,69.1875,395,72
-1,72.375,382,72
-1,76,382,72
-1,79.25,370,72
-1,82.875,369,72
-1,86.125,369,80
-1,89.6875,157,56
-1,92.9375,137,72
-1,96.1875,171,40
-1,99.8125,388,48
-1,103.0625,383,40
-1,106.625,396,40
-1,109.875,1,32
-1,113.5,185,80
-1,116.75,1,24
-1,120.3125,1,32
-1,123.5625,106,56
-1,126.8125,85,80
-1,130.4375,84,80
-1,134.375,82,80
-1,137.625,90,88
-1,140.875,94,88
-1,144.125,105,88
-1,147.6875,521,48
-1,150.9375,489,56
-1,154.5625,83,80
-1,158.1875,1,16
-1,161.4375,40,56
-1,164.625,1,40
-1,168.25,80,72
-1,171.5,27,32
-1,175.125,492,64
-1,178.6875,482,72
-1,181.9375,474,48
-1,185.1875,472,40
-1,188.8125,380,56
-1,192.0625,231,88
-1,195.625,228,88
-1,198.5,233,80
-1,202.125,237,80
-1,205.375,1,24
-1,209,1,16
-1,212.25,606,40
-1,215.8125,621,56
-1,219.0625,1,16
-1,222.6875,645,32
-1,225.9375,548,56
-1,229.1875,549,56
-1,232.75,1,24
-1,236,531,32
-1,239.25,1,48
-1,242.5,124,64
-1,246.125,115,80
-1,249.3125,113,72
-1,252.5625,725,72
-1,255.8125,252,48
-1,259.4375,325,32
-1,262.6875,479,56
-1,266.625,498,72
-1,269.875,459,40
-1,273.125,106,80
-1,276.75,108,80
-1,280,113,80
-1,283.1875,110,80
-1,286.8125,113,72
-1,290.4375,99,56
-1,293.6875,105,72
-1,297.25,1,32
-1,300.5,544,48
-1,304.125,1,56
-1,307.375,298,64
-1,310.625,268,32
-1,313.8125,1,24
-1,317.0625,1,40
-1,320.6875,672,56
-1,323.9375,746,72
-1,327.5625,1,32
-1,331.125,69,72
-1,334.375,65,72
-1,337.625,64,72
-1,341.25,66,80
-1,344.5,59,80
-1,348.0625,62,72
-1,351.3125,61,80
-1,354.9375,65,80
-1,358.1875,60,80
1515627444122,2.5,65,80
-1,5.75,62,80
-1,9,65,80
-1,12.5625,65,72
-1,15.8125,69,72
-1,19.4375,64,72
-1,23.375,70,72
-1,26.625,66,72
-1,29.875,98,40
-1,33.8125,254,48
-1,37.0625,1,48
-1,40.3125,244,40
-1,43.9375,243,72
-1,46.8125,266,72
-1,50.0625,245,80
-1,53.6875,493,48
-1,56.875,413,48
-1,60.5,423,64
-1,63.75,396,80
-1,67.6875,393,72
-1,70.9375,383,72
-1,74.1875,383,64
-1,77.8125,372,72
-1,81.0625,372,72
-1,84.625,374,80
-1,87.875,349,48
-1,91.5,139,72
-1,94.75,148,56
-1,98,365,40
-1,101.5625,395,56
-1,104.8125,388,40
-1,108.4375,1,32
-1,111.6875,1,32
-1,114.9375,192,40
-1,118.5,1,24
-1,121.75,1,16
-1,125,98,88
-1,128.625,85,80
-1,132.25,80,88
-1,135.8125,86,88
-1,139.0625,95,88
-1,142.3125,101,88
-1,145.9375,112,88
-1,149.1875,504,40
-1,152.75,76,72
-1,156,84,64
-1,159.625,513,56
-1,162.875,1,24
-1,166.4375,1,16
-1,169.6875,37,48
-1,172.9375,506,64
-1,176.1875,469,56
-1,179.8125,488,56
-1,183.0625,491,48
-1,186.625,472,48
-1,189.875,242,72
-1,193.125,235,88
-1,196.75,233,80
-1,200,230,88
-1,203.1875,243,88
-1,206.4375,1,24
-1,209.6875,1,32
-1,213.3125,587,40
-1,216.5625,611,48
-1,220.5,1,56
-1,224.125,1,32
-1,227.6875,548,56
-1,230.9375,1,32
-1,234.5625,548,56
-1,237.8125,527,56
-1,241.4375,128,72
-1,245,116,72
-1,248.25,116,72
-1,251.875,115,64
-1,255.125,254,32
-1,258.6875,293,40
-1,261.9375,476,56
-1,265.5625,484,64
-1,268.8125,496,56
-1,272.375,119,72
-1,275.625,106,80
-1,279.25,111,80
-1,282.5,110,80
-1,286.125,111,72
-1,289.3125,101,64
-1,292.9375,97,72
-1,296.1875,1,56
-1,299.4375,547,48
-1,302.6875,604,72
-1,306.25,330,48
-1,309.875,1,32
-1,313.125,1,24
-1,316.375,337,64
-1,320,739,32
-1,323.1875,1,40
-1,326.8125,1,48
-1,330.0625,80,64
-1,333.6875,70,72
-1,336.875,64,72
-1,340.125,59,72
-1,343.75,63,80
-1,347,65,72
-1,350.625,63,80
-1,353.8125,65,80
-1,357.4375,63,80
1515627444224,1.4375,63,80
-1,5,67,80
-1,8.25,62,80
-1,11.5,65,80
-1,14.75,65,72
-1,18,68,72
-1,21.25,68,72
-1,24.8125,69,72
-1,28.0625,69,48
-1,32.0625,249,48
-1,35.3125,240,48
-1,38.5,200,56
-1,42.125,225,72
-1,45.75,260,64
-1,49,268,80
-1,52.5625,1,40
-1,55.8125,472,48
-1,59.4375,454,56
-1,62.6875,406,72
-1,65.9375,392,72
-1,69.5,391,64
-1,72.75,385,72
-1,76.375,377,80
-1,79.625,372,64
-1,83.1875,363,72
-1,86.4375,367,80
-1,90.0625,144,80
-1,93.3125,127,72
-1,96.875,210,64
-1,100.125,377,56
-1,103.75,386,32
-1,107,377,48
-1,110.25,1,40
-1,113.8125,185,80
-1,117.0625,1,24
-1,120.6875,1,24
-1,123.9375,105,80
-1,127.5625,83,72
-1,130.75,83,80
-1,134.75,84,80
-1,138,91,88
-1,141.25,96,88
-1,144.8125,109,96
-1,148.0625,508,48
-1,151.6875,53,48
-1,154.9375,81,72
-1,158.1875,1,16
-1,161.75,23,56
-1,165,1524,24
-1,168.25,68,48
-1,171.875,527,40
-1,175.125,467,64
-1,178.6875,478,72
-1,181.9375,490,40
-1,185.5625,453,40
-1,188.8125,269,80
-1,192.375,231,80
-1,195.625,230,88
-1,199.25,235,80
-1,202.5,237,80
-1,206.125,5,32
-1,209.3125,1,8
-1,212.9375,569,48
-1,216.1875,626,56
-1,219.8125,1,40
-1,223.0625,684,40
-1,226.625,561,48
-1,229.875,552,48
-1,233.125,1,32
-1,236.375,531,48
-1,240,118,40
-1,243.1875,112,72
-1,246.8125,110,80
-1,250.0625,113,72
-1,253.6875,698,32
-1,256.875,268,48
-1,260.5,428,48
-1,263.75,486,72
-1,267.375,501,80
-1,270.9375,162,64
-1,274.1875,109,80
-1,277.4375,106,88
-1,281.0625,109,80
-1,284.3125,111,72
-1,287.875,114,72
-1,291.125,525,32
-1,294.375,1,64
-1,298,1,48
-1,301.25,552,40
-1,304.5,1,24
-1,308.0625,1,16
-1,311.6875,644,32
-1,314.9375,1,24
-1,318.5,1,32
-1,321.75,1,32
-1,325,1,56
-1,328.625,6726,16
-1,332.25,71,72
-1,335.4375,70,80
-1,339.0625,69,72
-1,342.3125,66,80
-1,345.9375,59,80
-1,349.1875,58,80
-1,352.75,62,80
-1,356,62,80
1515627444325,0.3125,61,80
-1,3.5625,63,72
-1,7.1875,62,72
-1,10.4375,67,72
-1,14,62,80
-1,17.625,66,80
-1,20.875,62,72
-1,24.5,60,72
-1,28.4375,73,72
-1,31.6875,238,48
-1,35.3125,244,56
-1,38.5,202,64
-1,42.125,231,72
-1,45.75,271,64
-1,49,260,72
-1,52.5625,391,32
-1,55.8125,484,40
-1,59.4375,456,56
-1,62.6875,408,72
-1,65.9375,393,72
-1,69.1875,393,72
-1,72.75,382,64
-1,76,376,72
-1,79.625,374,72
-1,82.875,369,80
-1,86.4375,366,80
-1,90.4375,160,40
-1,93.6875,134,72
-1,97.25,165,56
-1,100.5,368,56
-1,104.125,388,56
-1,107.375,1,32
-1,110.625,1,40
-1,114.1875,184,80
-1,117.4375,1,24
-1,121.0625,1,40
-1,124.3125,97,88
-1,127.875,83,80
-1,131.125,81,80
-1,135.125,81,80
-1,138.375,90,88
-1,141.5625,99,88
-1,145.1875,109,88
-1,148.4375,499,48
-1,151.6875,74,40
-1,154.9375,80,72
-1,158.1875,1,24
-1,161.75,25,56
-1,165,1,24
-1,168.625,50,48
-1,171.875,526,40
-1,175.4375,470,56
-1,178.375,484,64
-1,181.9375,490,48
-1,185.1875,477,40
-1,188.8125,332,56
-1,192.0625,233,80
-1,195.3125,228,88
-1,198.5,228,80
-1,202.125,233,80
-1,205.375,1,24
-1,208.625,1,16
-1,211.875,575,64
-1,215.4375,631,64
-1,218.6875,1,32
-1,222.3125,657,40
-1,225.5625,585,40
-1,228.8125,537,56
-1,232.375,1,24
-1,235.625,538,40
-1,239.25,1,48
-1,242.5,115,72
-1,246.125,115,80
-1,249.3125,108,72
-1,252.5625,119,48
-1,256.1875,250,40
-1,259.4375,348,64
-1,263.0625,482,64
-1,266.625,490,64
-1,270.25,1,48
-1,273.5,106,80
-1,277.0625,109,80
-1,280.3125,108,80
-1,283.5625,108,80
-1,287.1875,108,72
-1,290.4375,92,56
-1,294,1,32
-1,297.25,568,32
-1,300.875,558,64
-1,304.125,573,32
-1,307.6875,318,64
-1,310.9375,1,24
-1,314.1875,1,24
-1,317.8125,270,40
-1,321.0625,1,40
-1,324.625,1,40
-1,327.875,1,16
-1,331.5,67,72
-1,334.75,67,72
-1,338,63,72
-1,341.5625,64,80
-1,344.8125,58,80
-1,348.0625,63,80
-1,351.3125,61,80
-1,354.5625,59,80
-1,358.1875,64,80
1515627444427,2.125,61,80
-1,5.75,58,72
-1,9,63,80
-1,12.25,63,80
-1,15.8125,63,80
-1,19.0625,69,80
-1,22.6875,66,72
-1,26.625,69,72
-1,29.875,1,56
-1,33.5,258,56
-1,36.75,222,56
-1,40.3125,207,40
-1,43.5625,245,80
-1,47.1875,266,64
-1,50.4375,249,72
-1,53.6875,493,48
-1,56.875,408,56
-1,60.5,429,56
-1,63.75,399,72
-1,67.375,398,72
-1,70.625,387,64
-1,74.1875,380,80
-1,77.4375,369,64
-1,80.6875,369,72
-1,84.3125,367,88
-1,88.25,363,48
-1,91.5,125,72
-1,94.75,148,56
-1,98.375,352,40
-1,101.5625,371,56
-1,105.1875,1,64
-1,108.4375,405,48
-1,111.6875,1,32
-1,114.9375,194,48
-1,118.1875,1,32
-1,121.4375,1,16
-1,124.625,94,88
-1,128.25,78,80
-1,131.5,82,80
-1,135.4375,86,88
-1,139.0625,91,88
-1,142.3125,99,88
-1,145.9375,108,88
-1,149.1875,509,72
-1,152.375,79,72
-1,156,81,72
-1,159.25,466,48
-1,162.5,1,24
-1,166.125,1,24
-1,169.3125,56,56
-1,172.5625,511,64
-1,176.1875,463,56
-1,179.8125,477,56
-1,183.0625,482,40
-1,186.625,466,40
-1,189.875,243,64
-1,193.5,229,80
-1,196.75,228,88
-1,200,229,80
-1,203.1875,239,80
-1,206.8125,1,24
-1,210.0625,1,24
-1,213.3125,604,48
-1,216.875,614,48
-1,220.5,651,64
-1,224.125,656,48
-1,227.375,539,48
-1,230.625,547,48
-1,233.8125,618,56
-1,237.4375,543,40
-1,240.6875,129,56
-1,244.3125,115,80
-1,247.875,113,80
-1,251.125,110,72
-1,254.375,1,48
-1,258,266,48
-1,261.25,462,40
-1,264.8125,479,64
-1,268.4375,505,56
-1,271.6875,123,64
-1,275.3125,105,80
-1,278.5,107,72
-1,282.125,108,80
-1,285.375,112,72
-1,288.625,104,80
-1,292.25,1,40
-1,295.4375,1,56
-1,298.6875,540,40
-1,302.3125,572,56
-1,305.5625,319,72
-1,309.1875,337,56
-1,312.75,1,32
-1,316,362,64
-1,319.625,1,24
-1,322.875,1,32
-1,326.4375,735,40
-1,329.6875,79,48
-1,333.3125,68,80
-1,336.5625,63,72
-1,339.8125,56,80
-1,343.375,65,80
-1,346.625,61,80
-1,350.25,62,80
-1,353.5,64,80
-1,357.0625,62,80
1515627444528,1.0625,63,80
-1,4.3125,59,80
-1,7.875,57,72
-1,11.125,60,80
-1,14.375,66,72
-1,18,66,72
-1,21.9375,67,72
-1,25.1875,71,80
-1,28.8125,70,72
-1,32.0625,230,56
-1,35.3125,262,56
-1,38.5,1,48
-1,41.75,226,64
-1,45.375,259,72
-1,48.625,265,80
-1,52.25,272,40
-1,55.4375,488,48
-1,59.0625,431,56
-1,62.3125,398,80
-1,65.9375,395,72
-1,69.5,388,72
-1,72.75,380,72
-1,76,371,72
-1,79.625,366,64
-1,82.875,369,80
-1,86.4375,369,72
-1,89.6875,169,40
-1,93.3125,129,72
-1,96.5625,145,40
-1,100.125,381,48
-1,103.375,396,64
-1,106.625,400,40
-1,109.875,412,56
-1,113.125,180,72
-1,116.375,1,24
-1,120,1,40
-1,123.1875,95,48
-1,126.8125,88,80
-1,130.0625,81,80
-1,134,79,80
-1,137.25,89,88
-1,140.5,94,88
-1,143.75,107,88
-1,147.375,560,40
-1,150.625,1,32
-1,154.1875,81,72
-1,157.4375,1,32
-1,161.0625,55,48
-1,164.3125,1,24
-1,167.875,45,56
-1,171.125,1,64
-1,174.75,483,64
-1,178,492,64
-1,181.25,492,56
-1,184.8125,470,48
-1,188.0625,453,32
-1,191.6875,235,80
-1,194.9375,229,88
-1,198.5,230,88
-1,202.125,230,80
-1,205.375,1,24
-1,209,1,16
-1,212.25,1,64
-1,215.4375,628,64
-1,218.6875,1,32
-1,222.3125,652,48
-1,225.5625,566,40
-1,228.8125,537,56
-1,232.375,1,16
-1,235.625,536,48
-1,239.25,538,56
-1,242.5,109,72
-1,246.125,112,80
-1,249.3125,111,72
-1,252.5625,102,48
-1,256.1875,246,48
-1,259.4375,352,64
-1,263.0625,481,64
-1,266.625,496,72
-1,269.875,1,24
-1,273.5,112,72
-1,276.75,105,80
-1,280.3125,114,80
-1,283.5625,110,72
-1,287.1875,103,80
-1,290.75,99,48
-1,294,1,64
-1,297.625,1,48
-1,300.875,573,48
-1,304.5,590,40
-1,307.6875,1,64
-1,310.9375,1,24
-1,314.1875,1,16
-1,317.8125,348,48
-1,321.4375,1,32
-1,324.625,1,48
-1,327.875,1,16
-1,331.5,78,80
-1,334.75,71,80
-1,338,64,80
-1,341.5625,63,80
-1,344.8125,65,72
-1,348.4375,60,80
-1,351.6875,62,80
-1,355.3125,57,80
-1,358.5,64,80
1515627444629,2.5,60,80
-1,6.125,58,80
-1,9.3125,64,80
-1,12.9375,62,80
-1,16.1875,64,80
-1,20.125,67,80
-1,23.75,66,80
-1,27,74,72
-1,30.25,1,40
-1,33.8125,246,56
-1,37.0625,189,72
-1,40.6875,198,40
-1,43.9375,253,80
-1,47.5625,265,80
-1,50.75,246,72
-1,54.375,500,56
-1,57.625,425,56
-1,60.875,411,64
-1,64.5,395,72
-1,68.0625,391,80
-1,71.3125,376,64
-1,74.5625,386,72
-1,77.8125,375,72
-1,81.4375,368,72
-1,84.625,378,80
-1,88.625,345,56
-1,91.875,134,72
-1,95.4375,154,56
-1,98.6875,379,56
-1,102.3125,387,48
-1,105.5625,391,64
-1,109.1875,387,64
-1,112.375,206,72
-1,115.625,208,40
-1,119.25,1,24
-1,122.5,5,24
-1,126.125,91,88
-1,129.3125,83,80
-1,132.9375,82,80
-1,136.5625,87,88
-1,139.8125,92,88
-1,143.0625,102,88
-1,146.625,102,56
-1,149.875,486,32
-1,153.5,80,80
-1,157.0625,75,32
-1,160.3125,498,32
-1,163.5625,1187,24
-1,167.1875,1,8
-1,170.4375,522,48
-1,174,493,64
-1,177.25,499,72
-1,180.875,493,64
-1,184.125,487,40
-1,187.375,467,56
-1,190.625,236,80
-1,194.1875,228,88
-1,197.4375,230,80
-1,200.6875,232,80
-1,203.9375,244,72
-1,207.1875,1,16
-1,210.4375,578,56
-1,214,600,48
-1,217.25,592,40
-1,220.875,631,48
-1,224.5,1,32
-1,227.6875,538,48
-1,231.3125,1,24
-1,234.5625,551,56
-1,238.1875,521,48
-1,241.4375,116,64
-1,244.625,109,72
-1,248.25,113,80
-1,251.5,110,64
-1,255.125,258,64
-1,258.375,283,40
-1,261.9375,468,56
-1,265.9375,492,64
-1,269.1875,493,40
-1,272.375,114,72
-1,275.625,109,80
-1,278.875,109,80
-1,282.125,112,80
-1,285.75,112,80
-1,289,113,80
-1,292.5625,118,32
-1,295.8125,1,56
-1,299.4375,550,48
-1,302.6875,581,56
-1,306.25,309,48
-1,309.5,1,48
-1,312.75,1,24
-1,316,367,40
-1,319.625,1,32
-1,322.875,1,40
-1,326.125,3652,24
-1,330.0625,73,40
-1,333.6875,69,72
-1,337.25,67,72
-1,340.5,63,72
-1,344.125,64,80
-1,347.375,64,80
-1,350.9375,58,80
-1,354.1875,61,80
-1,357.8125,62,80
1515627444731,1.4375,62,80
-1,5,63,72
-1,8.25,61,80
-1,11.5,67,80
-1,15.4375,63,80
-1,18.6875,66,80
-1,22.3125,69,72
-1,25.9375,68,72
-1,29.1875,66,64
-1,32.75,241,56
-1,36,221,40
-1,39.625,210,56
-1,42.875,240,80
-1,46.4375,264,56
-1,49.6875,260,80
-1,52.9375,469,64
-1,56.5625,413,40
-1,59.8125,448,64
-1,63.375,403,72
-1,67,394,72
-1,70.25,391,72
-1,73.8125,382,64
-1,77.0625,375,72
-1,80.6875,374,72
-1,83.9375,372,72
-1,87.1875,361,72
-1,90.75,132,56
-1,94,137,64
-1,97.625,1,48
-1,100.875,382,40
-1,104.5,353,32
-1,107.6875,1,32
-1,110.9375,398,48
-1,114.1875,181,64
-1,117.8125,1,24
-1,121.0625,1,24
-1,124.625,95,88
-1,127.875,81,80
-1,131.5,80,80
-1,135.4375,86,80
-1,138.6875,94,88
-1,141.9375,100,88
-1,145.5625,108,88
-1,148.8125,502,48
-1,152.375,78,64
-1,156,81,72
-1,159.25,516,40
-1,162.5,1,32
-1,165.75,1,24
-1,169,51,64
-1,172.25,516,56
-1,175.4375,463,48
-1,179.0625,490,56
-1,182.3125,486,48
-1,185.5625,478,40
-1,188.8125,269,64
-1,192.375,232,88
-1,195.625,225,88
-1,198.875,230,88
-1,202.125,236,80
-1,205.75,1,24
-1,209,1,16
-1,212.5625,580,40
-1,215.8125,618,56
-1,219.4375,1,40
-1,223.375,645,40
-1,226.625,558,48
-1,229.875,542,48
-1,233.5,1,40
-1,236.75,536,40
-1,240,128,48
-1,243.5625,113,72
-1,246.8125,108,80
-1,250.4375,108,72
-1,253.6875,730,64
-1,257.25,250,40
-1,260.875,469,72
-1,264.125,484,72
-1,267.6875,504,72
-1,270.9375,150,72
-1,274.1875,111,80
-1,277.4375,103,80
-1,280.6875,107,80
-1,284.3125,105,80
-1,287.875,115,72
-1,291.125,1,32
-1,294.75,540,64
-1,298,1,48
-1,301.5625,560,32
-1,304.8125,1,32
-1,308.4375,1,24
-1,311.6875,1,32
-1,315.3125,1,40
-1,318.5,1,24
-1,322.125,1,40
-1,325.375,1,40
-1,329,1,32
-1,332.5625,73,72
-1,335.8125,68,72
-1,339.0625,66,72
-1,342.6875,65,80
-1,345.9375,57,80
-1,349.5,62,80
-1,352.75,63,80
-1,356.375,62,80
-1,359.625,62,80
1515627444833,3.9375,59,80
-1,7.1875,63,80
-1,10.4375,64,80
-1,14.375,66,80
-1,18,64,72
-1,21.25,64,72
-1,24.8125,64,72
-1,28.0625,64,72
-1,31.6875,217,40
-1,34.9375,260,48
-1,38.5,216,64
-1,41.75,227,72
-1,45.375,265,72
-1,48.625,267,80
-1,51.875,253,40
-1,55.4375,505,48
-1,58.6875,436,64
-1,62.3125,402,72
-1,65.5625,406,64
-1,69.1875,387,72
-1,72.375,391,72
-1,75.625,373,80
-1,78.875,373,72
-1,82.5,378,72
-1,85.75,369,80
-1,89.3125,1,40
-1,92.5625,127,64
-1,96.1875,169,40
-1,99.4375,363,48
-1,103.0625,387,40
-1,106.25,1,40
-1,109.875,1,32
-1,113.125,179,72
-1,116.375,1,24
-1,119.625,1,24
-1,123.1875,105,64
-1,126.4375,88,80
-1,130.0625,82,80
-1,134,84,80
-1,137.25,89,88
-1,140.5,97,88
-1,144.125,106,88
-1,147.375,540,72
-1,150.9375,1,32
-1,154.1875,85,80
-1,157.8125,1,16
-1,161.0625,49,40
-1,164.3125,1,32
-1,167.5625,1,24
-1,170.75,513,48
-1,174,487,64
-1,177.25,499,56
-1,180.125,495,56
-1,183.375,486,40
-1,187,463,56
-1,190.25,242,80
-1,193.8125,231,88
-1,197.0625,232,88
-1,200.6875,235,88
-1,203.9375,241,80
-1,207.5625,1,16
-1,210.75,567,56
-1,214.375,615,56
-1,217.625,610,64
-1,221.25,670,40
-1,224.5,1,40
-1,228.0625,534,56
-1,231.3125,1,24
-1,234.9375,1,56
-1,238.1875,526,32
-1,241.75,118,64
-1,245.375,114,72
-1,248.625,111,80
-1,252.25,108,56
-1,255.4375,258,40
-1,259.0625,292,40
-1,262.3125,479,48
-1,265.9375,494,72
-1,269.1875,1,56
-1,272.375,105,72
-1,275.625,109,80
-1,279.25,108,80
-1,282.5,111,72
-1,285.75,111,80
-1,289.6875,106,72
-1,292.9375,109,32
-1,296.1875,1,56
-1,299.8125,541,48
-1,303.0625,570,32
-1,306.625,329,32
-1,309.875,1,48
-1,313.125,1,24
-1,316.375,1,56
-1,319.625,1,24
-1,322.875,1,32
-1,326.4375,1,32
-1,330.0625,63,56
-1,333.3125,66,80
-1,336.5625,64,72
-1,340.125,66,72
-1,343.75,62,80
-1,347,63,80
-1,350.25,62,80
-1,353.8125,59,80
-1,357.0625,61,80
1515627444925,1.4375,63,80
-1,4.625,63,80
-1,7.875,61,80
-1,11.875,68,80
-1,15.4375,64,80
-1,18.6875,64,72
-1,22.3125,63,72
-1,25.5625,63,72
-1,29.1875,73,64
-1,32.375,242,56
-1,36,250,48
-1,39.25,233,64
-1,42.875,240,80
-1,46.4375,266,56
-1,50.0625,260,80
-1,53.3125,493,40
-1,56.875,426,40
-1,60.125,436,56
-1,63.75,407,72
-1,67.375,394,72
-1,70.625,388,64
-1,73.8125,385,72
-1,77.4375,376,72
-1,80.6875,372,72
-1,84.3125,371,72
-1,87.5625,363,56
-1,91.125,133,56
-1,94.375,141,64
-1,97.625,1,40
-1,100.875,374,56
-1,104.5,374,32
-1,107.6875,364,24
-1,110.9375,1,32
-1,114.1875,178,72
-1,117.8125,1,24
-1,121.0625,1,32
-1,124.3125,101,88
-1,127.5625,84,80
-1,130.75,81,80
-1,134.75,83,80
-1,138,92,88
-1,141.5625,96,88
-1,144.8125,105,88
-1,148.4375,510,48
-1,151.6875,66,48
-1,155.3125,74,72
-1,158.5,1,16
-1,162.125,34,48
-1,165.375,1,16
-1,168.625,43,64
-1,171.875,537,40
-1,175.125,478,64
-1,178.6875,475,64
-1,182.3125,480,56
-1,185.5625,485,48
-1,189.1875,275,64
-1,192.375,230,88
-1,195.625,228,88
-1,198.875,231,80
-1,202.5,236,80
-1,206.125,1,16
-1,209.3125,1,16
-1,212.5625,591,40
-1,216.1875,612,56
-1,219.4375,1,48
-1,223.375,625,32
-1,226.625,560,48
-1,229.875,553,56
-1,233.5,1,32
-1,236.75,533,40
-1,240.3125,116,56
-1,243.5625,118,72
-1,247.1875,110,80
-1,250.4375,116,72
-1,253.6875,689,64
-1,256.875,273,48
-1,260.125,405,56
-1,263.375,489,72
-1,267,498,72
-1,270.25,384,48
-1,273.8125,113,72
-1,277.0625,104,72
-1,280.6875,112,80
-1,283.9375,112,80
-1,287.5625,113,72
-1,290.75,1,40
-1,294,1,32
-1,297.25,1,48
-1,300.5,555,40
-1,304.125,574,48
-1,307.375,323,40
-1,310.9375,3965,24
-1,314.1875,1,16
-1,317.4375,1,32
-1,320.6875,1,40
-1,324.3125,1,48
-1,327.5625,1,16
-1,331.125,70,72
-1,334.75,70,72
